Timestamp,Price,Signal,BettiCurve_0,BettiCurve_1,L1_Persistence,L2_Persistence
2024-05-11 06:11:05.015271936,60957.99,Hold,1,0,10.000003674067557,2.2668041524520848
2024-05-11 06:11:05.477165056,60958.0,Hold,0,0,10.000003674067557,2.2668041524520848
2024-05-11 06:11:05.504969984,60958.0,Hold,0,0,10.000003674067557,2.2668041524520848
2024-05-11 06:11:05.886310144,60957.99,Hold,0,0,10.000003674067557,2.2668041524520848
2024-05-11 06:11:06.068121856,60958.0,Hold,0,0,10.000003674067557,2.2668041524520848
2024-05-11 06:11:06.261025792,60958.0,Hold,0,0,10.000003674067557,2.2668041524520848
2024-05-11 06:11:05.477165056,60958.0,Hold,0,0,10.000003674067557,2.2668041524520848
2024-05-11 06:11:05.504969984,60958.0,Hold,0,0,10.000003674067557,2.2668041524520848
2024-05-11 06:11:05.886310144,60957.99,Hold,0,0,10.000003674067557,2.2668041524520848
2024-05-11 06:11:06.068121856,60958.0,Hold,0,0,10.000003674067557,2.2668041524520848
2024-05-11 06:11:06.261025792,60958.0,Hold,1,0,10.000003674067557,2.2668041524520848
2024-05-11 06:11:07.477186816,60957.99,Hold,0,0,10.000003674067557,2.2668041524520848
2024-05-11 06:11:08.140020992,60957.99,Hold,0,0,10.000003674067557,2.2668041524520848
2024-05-11 06:11:08.145122048,60957.99,Hold,0,0,10.000003674067557,2.2668041524520848
2024-05-11 06:11:08.148004096,60957.99,Hold,0,0,10.000003674067557,2.2668041524520848
2024-05-11 06:11:08.156076032,60957.99,Hold,0,0,10.000003674067557,2.2668041524520848
2024-05-11 06:11:08.156403968,60957.99,Hold,0,0,10.000003674067557,2.2668041524520848
2024-05-11 06:11:08.156599040,60957.99,Hold,0,0,10.000003674067557,2.2668041524520848
2024-05-11 06:11:08.156791808,60957.99,Hold,0,0,10.000003674067557,2.2668041524520848
2024-05-11 06:11:08.156986112,60957.99,Hold,0,0,10.000003674067557,2.2668041524520848
2024-05-11 06:11:08.157180160,60957.99,Hold,1,0,10.000003674067557,2.2668041524520848
2024-05-11 06:11:08.159401984,60957.99,Hold,0,0,10.000003674067557,2.2668041524520848
2024-05-11 06:11:08.159681024,60957.99,Hold,0,0,10.000003674067557,2.2668041524520848
2024-05-11 06:11:08.159926016,60957.99,Hold,0,0,10.000003674067557,2.2668041524520848
2024-05-11 06:11:08.162446080,60957.99,Hold,0,0,10.000003674067557,2.2668041524520848
2024-05-11 06:11:08.162686208,60957.99,Hold,0,0,10.000003674067557,2.2668041524520848
2024-05-11 06:11:08.162936064,60957.99,Hold,0,0,10.000003674067557,2.2668041524520848
2024-05-11 06:11:08.163240960,60957.99,Hold,0,0,10.000003674067557,2.2668041524520848
2024-05-11 06:11:08.164814848,60957.99,Hold,0,0,10.000003674067557,2.2668041524520848
2024-05-11 06:11:08.214096896,60957.99,Hold,0,0,10.000003674067557,2.2668041524520848
2024-05-11 06:11:08.214525952,60957.99,Hold,1,0,10.000003674067557,2.2668041524520848
2024-05-11 06:11:08.215042048,60957.99,Hold,0,0,10.000003674067557,2.2668041524520848
2024-05-11 06:11:07.477186816,60957.99,Hold,0,0,10.000003674067557,2.2668041524520848
2024-05-11 06:11:08.140020992,60957.99,Hold,0,0,10.000003674067557,2.2668041524520848
2024-05-11 06:11:08.145122048,60957.99,Hold,0,0,10.000003674067557,2.2668041524520848
2024-05-11 06:11:08.148004096,60957.99,Hold,0,0,10.000003674067557,2.2668041524520848
2024-05-11 06:11:08.156076032,60957.99,Hold,0,0,10.000003674067557,2.2668041524520848
2024-05-11 06:11:08.156403968,60957.99,Hold,0,0,10.000003674067557,2.2668041524520848
2024-05-11 06:11:08.156599040,60957.99,Hold,0,0,10.000003674067557,2.2668041524520848
2024-05-11 06:11:08.156791808,60957.99,Hold,0,0,10.000003674067557,2.2668041524520848
2024-05-11 06:11:08.156986112,60957.99,Hold,1,0,10.000003674067557,2.2668041524520848
2024-05-11 06:11:08.157180160,60957.99,Hold,0,0,10.000003674067557,2.2668041524520848
2024-05-11 06:11:08.159401984,60957.99,Hold,0,0,10.000003674067557,2.2668041524520848
2024-05-11 06:11:08.159681024,60957.99,Hold,0,0,10.000003674067557,2.2668041524520848
2024-05-11 06:11:08.159926016,60957.99,Hold,0,0,10.000003674067557,2.2668041524520848
2024-05-11 06:11:08.162446080,60957.99,Hold,0,0,10.000003674067557,2.2668041524520848
2024-05-11 06:11:08.162686208,60957.99,Hold,0,0,10.000003674067557,2.2668041524520848
2024-05-11 06:11:08.162936064,60957.99,Hold,0,0,10.000003674067557,2.2668041524520848
2024-05-11 06:11:08.163240960,60957.99,Hold,0,0,10.000003674067557,2.2668041524520848
2024-05-11 06:11:08.164814848,60957.99,Hold,0,0,10.000003674067557,2.2668041524520848
2024-05-11 06:11:08.214096896,60957.99,Hold,1,0,10.000003674067557,2.2668041524520848
2024-05-11 06:11:08.214525952,60957.99,Hold,0,0,10.000003674067557,2.2668041524520848
2024-05-11 06:11:08.215042048,60957.99,Hold,0,0,10.000003674067557,2.2668041524520848
2024-05-11 06:11:08.753145088,60957.99,Hold,0,0,10.000003674067557,2.2668041524520848
2024-05-11 06:11:08.753287936,60957.99,Hold,0,0,10.000003674067557,2.2668041524520848
2024-05-11 06:11:08.753395968,60957.99,Hold,0,0,10.000003674067557,2.2668041524520848
2024-05-11 06:11:08.753533952,60957.99,Hold,0,0,10.000003674067557,2.2668041524520848
2024-05-11 06:11:08.753724160,60957.99,Hold,0,0,10.000003674067557,2.2668041524520848
2024-05-11 06:11:09.062658048,60957.99,Hold,0,0,10.000003674067557,2.2668041524520848
2024-05-11 06:11:09.063004928,60957.99,Hold,0,0,10.000003674067557,2.2668041524520848
2024-05-11 06:11:09.063261952,60957.99,Hold,1,0,10.000003674067557,2.2668041524520848
2024-05-11 06:11:09.063534848,60957.99,Hold,0,0,10.000003674067557,2.2668041524520848
2024-05-11 06:11:09.063802112,60957.99,Hold,0,0,10.000003674067557,2.2668041524520848
2024-05-11 06:11:09.064060928,60957.99,Hold,0,0,10.000003674067557,2.2668041524520848
2024-05-11 06:11:09.064336128,60957.99,Hold,0,0,10.000003674067557,2.2668041524520848
2024-05-11 06:11:09.064609024,60957.99,Hold,0,0,10.000003674067557,2.2668041524520848
2024-05-11 06:11:09.064861952,60957.99,Hold,0,0,10.000003674067557,2.2668041524520848
2024-05-11 06:11:09.065159168,60957.99,Hold,0,0,10.000003674067557,2.2668041524520848
2024-05-11 06:11:09.065399808,60957.99,Hold,0,0,10.000003674067557,2.2668041524520848
2024-05-11 06:11:09.065651968,60957.99,Hold,0,0,10.000003674067557,2.2668041524520848
2024-05-11 06:11:09.087665152,60957.99,Hold,1,0,10.000003674067557,2.2668041524520848
2024-05-11 06:11:09.088056064,60957.99,Hold,0,0,10.000003674067557,2.2668041524520848
2024-05-11 06:11:09.088404992,60957.99,Hold,0,0,10.000003674067557,2.2668041524520848
2024-05-11 06:11:09.088871936,60957.99,Hold,0,0,10.000003674067557,2.2668041524520848
2024-05-11 06:11:09.089266176,60957.99,Hold,0,0,10.000003674067557,2.2668041524520848
2024-05-11 06:11:09.089606912,60957.99,Hold,0,0,10.000003674067557,2.2668041524520848
2024-05-11 06:11:09.090003968,60957.99,Hold,0,0,10.000003674067557,2.2668041524520848
2024-05-11 06:11:09.090354944,60957.99,Hold,0,0,10.000003674067557,2.2668041524520848
2024-05-11 06:11:09.090693120,60957.99,Hold,0,0,10.000003674067557,2.2668041524520848
2024-05-11 06:11:09.091053056,60957.99,Hold,0,0,10.000003674067557,2.2668041524520848
2024-05-11 06:11:09.091394048,60957.99,Hold,1,0,10.000003674067557,2.2668041524520848
2024-05-11 06:11:09.091696128,60957.99,Hold,0,0,10.000003674067557,2.2668041524520848
2024-05-11 06:11:09.094160128,60957.99,Hold,0,0,10.000003674067557,2.2668041524520848
2024-05-11 06:11:09.094402048,60957.99,Hold,0,0,10.000003674067557,2.2668041524520848
2024-05-11 06:11:09.118298112,60957.99,Hold,0,0,10.000003674067557,2.2668041524520848
2024-05-11 06:11:09.167503104,60957.99,Hold,0,0,10.000003674067557,2.2668041524520848
2024-05-11 06:11:09.214386944,60957.99,Hold,0,0,10.000003674067557,2.2668041524520848
2024-05-11 06:11:09.215013888,60957.99,Hold,0,0,10.000003674067557,2.2668041524520848
2024-05-11 06:11:09.215383040,60957.99,Hold,0,0,10.000003674067557,2.2668041524520848
2024-05-11 06:11:09.215714816,60957.99,Hold,0,0,10.000003674067557,2.2668041524520848
2024-05-11 06:11:09.216051200,60957.99,Hold,1,0,10.000003674067557,2.2668041524520848
2024-05-11 06:11:09.216398080,60957.99,Hold,0,0,10.000003674067557,2.2668041524520848
2024-05-11 06:11:08.753145088,60957.99,Hold,0,0,10.000003674067557,2.2668041524520848
2024-05-11 06:11:08.753287936,60957.99,Hold,0,0,10.000003674067557,2.2668041524520848
2024-05-11 06:11:08.753395968,60957.99,Hold,0,0,10.000003674067557,2.2668041524520848
2024-05-11 06:11:08.753533952,60957.99,Hold,0,0,10.000003674067557,2.2668041524520848
2024-05-11 06:11:08.753724160,60957.99,Hold,0,0,10.000003674067557,2.2668041524520848
2024-05-11 06:11:09.062658048,60957.99,Hold,0,0,10.000003674067557,2.2668041524520848
2024-05-11 06:11:09.063004928,60957.99,Hold,0,0,10.000003674067557,2.2668041524520848
2024-05-11 06:11:09.063261952,60957.99,Hold,0,0,10.000003674067557,2.2668041524520848
2024-05-11 06:11:09.063534848,60957.99,Hold,1,0,10.000003674067557,2.2668041524520848
2024-05-11 06:11:09.063802112,60957.99,Hold,0,0,10.000003674067557,2.2668041524520848
2024-05-11 06:11:09.064060928,60957.99,Hold,0,0,10.000003674067557,2.2668041524520848
2024-05-11 06:11:09.064336128,60957.99,Hold,0,0,10.000003674067557,2.2668041524520848
2024-05-11 06:11:09.064609024,60957.99,Hold,0,0,10.000003674067557,2.2668041524520848
2024-05-11 06:11:09.064861952,60957.99,Hold,0,0,10.000003674067557,2.2668041524520848
2024-05-11 06:11:09.065159168,60957.99,Hold,0,0,10.000003674067557,2.2668041524520848
2024-05-11 06:11:09.065399808,60957.99,Hold,0,0,10.000003674067557,2.2668041524520848
2024-05-11 06:11:09.065651968,60957.99,Hold,0,0,10.000003674067557,2.2668041524520848
2024-05-11 06:11:09.087665152,60957.99,Hold,0,0,10.000003674067557,2.2668041524520848
2024-05-11 06:11:09.088056064,60957.99,Hold,0,0,10.000003674067557,2.2668041524520848
2024-05-11 06:11:09.088404992,60957.99,Hold,0,0,10.000003674067557,2.2668041524520848
2024-05-11 06:11:09.088871936,60957.99,Hold,0,0,10.000003674067557,2.2668041524520848
2024-05-11 06:11:09.089266176,60957.99,Hold,0,0,10.000003674067557,2.2668041524520848
2024-05-11 06:11:09.089606912,60957.99,Hold,0,0,10.000003674067557,2.2668041524520848
2024-05-11 06:11:09.090003968,60957.99,Hold,0,0,10.000003674067557,2.2668041524520848
2024-05-11 06:11:09.090354944,60957.99,Hold,0,0,10.000003674067557,2.2668041524520848
2024-05-11 06:11:09.090693120,60957.99,Hold,0,0,10.000003674067557,2.2668041524520848
2024-05-11 06:11:09.091053056,60957.99,Hold,0,0,10.000003674067557,2.2668041524520848
2024-05-11 06:11:09.091394048,60957.99,Hold,0,0,10.000003674067557,2.2668041524520848
2024-05-11 06:11:09.091696128,60957.99,Hold,0,0,10.000003674067557,2.2668041524520848
2024-05-11 06:11:09.094160128,60957.99,Hold,0,0,10.000003674067557,2.2668041524520848
2024-05-11 06:11:09.094402048,60957.99,Hold,0,0,10.000003674067557,2.2668041524520848
2024-05-11 06:11:09.118298112,60957.99,Hold,0,0,10.000003674067557,2.2668041524520848
2024-05-11 06:11:09.167503104,60957.99,Hold,0,0,10.000003674067557,2.2668041524520848
2024-05-11 06:11:09.214386944,60957.99,Hold,0,0,10.000003674067557,2.2668041524520848
2024-05-11 06:11:09.215013888,60957.99,Hold,0,0,10.000003674067557,2.2668041524520848
2024-05-11 06:11:09.215383040,60957.99,Hold,0,0,10.000003674067557,2.2668041524520848
2024-05-11 06:11:09.215714816,60957.99,Hold,0,0,10.000003674067557,2.2668041524520848
2024-05-11 06:11:09.216051200,60957.99,Hold,0,0,10.000003674067557,2.2668041524520848
2024-05-11 06:11:09.216398080,60957.99,Hold,0,0,10.000003674067557,2.2668041524520848
2024-05-11 06:11:09.289473024,60957.99,Hold,0,0,10.000003674067557,2.2668041524520848
2024-05-11 06:11:09.293092096,60957.99,Hold,0,0,10.000003674067557,2.2668041524520848
2024-05-11 06:11:09.310152960,60957.99,Hold,0,0,10.000003674067557,2.2668041524520848
2024-05-11 06:11:09.310259968,60957.99,Hold,0,0,10.000003674067557,2.2668041524520848
2024-05-11 06:11:09.312041984,60957.99,Hold,0,0,10.000003674067557,2.2668041524520848
2024-05-11 06:11:09.312140032,60957.99,Hold,0,0,10.000003674067557,2.2668041524520848
2024-05-11 06:11:09.312233984,60957.99,Hold,0,0,10.000003674067557,2.2668041524520848
2024-05-11 06:11:09.312328192,60957.99,Hold,0,0,10.000003674067557,2.2668041524520848
2024-05-11 06:11:09.312602880,60957.99,Hold,0,0,10.000003674067557,2.2668041524520848
2024-05-11 06:11:09.312699136,60957.99,Hold,0,0,10.000003674067557,2.2668041524520848
2024-05-11 06:11:09.358287104,60957.99,Hold,0,0,10.000003674067557,2.2668041524520848
2024-05-11 06:11:09.360150016,60957.99,Hold,0,0,10.000003674067557,2.2668041524520848
2024-05-11 06:11:09.360220928,60957.99,Hold,0,0,10.000003674067557,2.2668041524520848
2024-05-11 06:11:09.371165952,60957.99,Hold,0,0,10.000003674067557,2.2668041524520848
2024-05-11 06:11:09.371225088,60957.99,Hold,0,0,10.000003674067557,2.2668041524520848
2024-05-11 06:11:09.372472064,60957.99,Hold,0,0,10.000003674067557,2.2668041524520848
2024-05-11 06:11:09.372535040,60957.99,Hold,0,0,10.000003674067557,2.2668041524520848
2024-05-11 06:11:09.372589056,60957.99,Hold,0,0,10.000003674067557,2.2668041524520848
2024-05-11 06:11:09.393950976,60957.99,Hold,0,0,10.000003674067557,2.2668041524520848
2024-05-11 06:11:09.451288064,60957.99,Hold,0,0,10.000003674067557,2.2668041524520848
2024-05-11 06:11:09.451382016,60957.99,Hold,0,0,10.000003674067557,2.2668041524520848
2024-05-11 06:11:09.451472128,60957.99,Hold,0,0,10.000003674067557,2.2668041524520848
2024-05-11 06:11:09.451563008,60957.99,Hold,0,0,10.000003674067557,2.2668041524520848
2024-05-11 06:11:09.451652096,60957.99,Hold,0,0,10.000003674067557,2.2668041524520848
2024-05-11 06:11:09.451740928,60957.99,Hold,0,0,10.000003674067557,2.2668041524520848
2024-05-11 06:11:09.451830016,60957.99,Hold,0,0,10.000003674067557,2.2668041524520848
2024-05-11 06:11:09.451919104,60957.99,Hold,0,0,10.000003674067557,2.2668041524520848
2024-05-11 06:11:09.452008960,60957.99,Hold,0,0,10.000003674067557,2.2668041524520848
2024-05-11 06:11:09.452111872,60957.99,Hold,0,0,10.000003674067557,2.2668041524520848
2024-05-11 06:11:09.452203008,60957.99,Hold,0,0,10.000003674067557,2.2668041524520848
2024-05-11 06:11:09.452292864,60957.99,Hold,0,0,10.000003674067557,2.2668041524520848
2024-05-11 06:11:09.982848000,60957.99,Hold,0,0,10.000003674067557,2.2668041524520848
2024-05-11 06:11:09.289473024,60957.99,Hold,0,0,10.000003674067557,2.2668041524520848
2024-05-11 06:11:09.293092096,60957.99,Hold,0,0,10.000003674067557,2.2668041524520848
2024-05-11 06:11:09.310152960,60957.99,Hold,0,0,10.000003674067557,2.2668041524520848
2024-05-11 06:11:09.310259968,60957.99,Hold,0,0,10.000003674067557,2.2668041524520848
2024-05-11 06:11:09.312041984,60957.99,Hold,0,0,10.000003674067557,2.2668041524520848
2024-05-11 06:11:09.312140032,60957.99,Hold,0,0,10.000003674067557,2.2668041524520848
2024-05-11 06:11:09.312233984,60957.99,Hold,0,0,10.000003674067557,2.2668041524520848
2024-05-11 06:11:09.312328192,60957.99,Hold,0,0,10.000003674067557,2.2668041524520848
2024-05-11 06:11:09.312602880,60957.99,Hold,0,0,10.000003674067557,2.2668041524520848
2024-05-11 06:11:09.312699136,60957.99,Hold,0,0,10.000003674067557,2.2668041524520848
2024-05-11 06:11:09.358287104,60957.99,Hold,0,0,10.000003674067557,2.2668041524520848
2024-05-11 06:11:09.360150016,60957.99,Hold,0,0,10.000003674067557,2.2668041524520848
2024-05-11 06:11:09.360220928,60957.99,Hold,0,0,10.000003674067557,2.2668041524520848
2024-05-11 06:11:09.371165952,60957.99,Hold,0,0,10.000003674067557,2.2668041524520848
2024-05-11 06:11:09.371225088,60957.99,Hold,0,0,10.000003674067557,2.2668041524520848
2024-05-11 06:11:09.372472064,60957.99,Hold,0,0,10.000003674067557,2.2668041524520848
2024-05-11 06:11:09.372535040,60957.99,Hold,0,0,10.000003674067557,2.2668041524520848
2024-05-11 06:11:09.372589056,60957.99,Hold,0,0,10.000003674067557,2.2668041524520848
2024-05-11 06:11:09.393950976,60957.99,Hold,0,0,10.000003674067557,2.2668041524520848
2024-05-11 06:11:09.451288064,60957.99,Hold,0,0,10.000003674067557,2.2668041524520848
2024-05-11 06:11:09.451382016,60957.99,Hold,0,0,10.000003674067557,2.2668041524520848
2024-05-11 06:11:09.451472128,60957.99,Hold,0,0,10.000003674067557,2.2668041524520848
2024-05-11 06:11:09.451563008,60957.99,Hold,0,0,10.000003674067557,2.2668041524520848
2024-05-11 06:11:09.451652096,60957.99,Hold,0,0,10.000003674067557,2.2668041524520848
2024-05-11 06:11:09.451740928,60957.99,Hold,0,0,10.000003674067557,2.2668041524520848
2024-05-11 06:11:09.451830016,60957.99,Hold,0,0,10.000003674067557,2.2668041524520848
2024-05-11 06:11:09.451919104,60957.99,Hold,0,0,10.000003674067557,2.2668041524520848
2024-05-11 06:11:09.452008960,60957.99,Hold,0,0,10.000003674067557,2.2668041524520848
2024-05-11 06:11:09.452111872,60957.99,Hold,0,0,10.000003674067557,2.2668041524520848
2024-05-11 06:11:09.452203008,60957.99,Hold,0,0,10.000003674067557,2.2668041524520848
2024-05-11 06:11:09.452292864,60957.99,Hold,0,0,10.000003674067557,2.2668041524520848
2024-05-11 06:11:09.982848000,60957.99,Hold,0,0,10.000003674067557,2.2668041524520848
2024-05-11 06:11:10.434423808,60957.99,Hold,0,0,10.000003674067557,2.2668041524520848
2024-05-11 06:11:10.436152064,60957.99,Hold,0,0,10.000003674067557,2.2668041524520848
2024-05-11 06:11:10.437388032,60957.99,Hold,0,0,10.000003674067557,2.2668041524520848
2024-05-11 06:11:10.437463040,60957.99,Hold,0,0,10.000003674067557,2.2668041524520848
2024-05-11 06:11:10.437534976,60957.99,Hold,0,0,10.000003674067557,2.2668041524520848
2024-05-11 06:11:10.437628928,60957.99,Hold,0,0,10.000003674067557,2.2668041524520848
2024-05-11 06:11:10.437700096,60957.99,Hold,0,0,10.000003674067557,2.2668041524520848
2024-05-11 06:11:10.439649024,60957.99,Hold,0,0,10.000003674067557,2.2668041524520848
2024-05-11 06:11:10.439721216,60957.99,Hold,0,0,10.000003674067557,2.2668041524520848
2024-05-11 06:11:10.439791872,60957.99,Hold,0,0,10.000003674067557,2.2668041524520848
2024-05-11 06:11:10.439863808,60957.99,Hold,0,0,10.000003674067557,2.2668041524520848
2024-05-11 06:11:10.439934976,60957.99,Hold,0,0,10.000003674067557,2.2668041524520848
2024-05-11 06:11:10.440006144,60957.99,Hold,0,0,10.000003674067557,2.2668041524520848
2024-05-11 06:11:10.440077056,60957.99,Hold,0,0,10.000003674067557,2.2668041524520848
2024-05-11 06:11:10.440146944,60957.99,Hold,0,0,10.000003674067557,2.2668041524520848
2024-05-11 06:11:10.440217856,60957.99,Hold,0,0,10.000003674067557,2.2668041524520848
2024-05-11 06:11:10.440288000,60957.99,Hold,0,0,10.000003674067557,2.2668041524520848
2024-05-11 06:11:10.442032128,60957.99,Hold,0,0,10.000003674067557,2.2668041524520848
2024-05-11 06:11:10.442102784,60957.99,Hold,0,0,10.000003674067557,2.2668041524520848
2024-05-11 06:11:10.477878016,60957.99,Hold,0,0,10.000003674067557,2.2668041524520848
2024-05-11 06:11:10.477969920,60957.99,Hold,0,0,10.000003674067557,2.2668041524520848
2024-05-11 06:11:10.478066944,60957.99,Hold,0,0,10.000003674067557,2.2668041524520848
2024-05-11 06:11:10.621161984,60957.99,Hold,0,0,10.000003674067557,2.2668041524520848
2024-05-11 06:11:10.692035840,60957.99,Hold,0,0,10.000003674067557,2.2668041524520848
2024-05-11 06:11:10.692569856,60957.99,Hold,0,0,10.000003674067557,2.2668041524520848
2024-05-11 06:11:10.692825088,60957.99,Hold,0,0,10.000003674067557,2.2668041524520848
2024-05-11 06:11:10.695826944,60957.99,Hold,0,0,10.000003674067557,2.2668041524520848
2024-05-11 06:11:10.696089088,60957.99,Hold,0,0,10.000003674067557,2.2668041524520848
2024-05-11 06:11:10.696342016,60957.99,Hold,0,0,10.000003674067557,2.2668041524520848
2024-05-11 06:11:10.696648960,60957.99,Hold,0,0,10.000003674067557,2.2668041524520848
2024-05-11 06:11:10.696909056,60957.99,Hold,0,0,10.000003674067557,2.2668041524520848
2024-05-11 06:11:10.859193088,60957.98,Hold,0,0,10.000003674067557,2.2668041524520848
2024-05-11 06:11:10.859617024,60957.98,Hold,0,0,10.000003674067557,2.2668041524520848
2024-05-11 06:11:10.859969024,60957.98,Hold,0,0,10.000003674067557,2.2668041524520848
2024-05-11 06:11:10.887411968,60957.98,Hold,0,0,10.000003674067557,2.2668041524520848
2024-05-11 06:11:10.434423808,60957.99,Hold,0,0,10.000003674067557,2.2668041524520848
2024-05-11 06:11:10.436152064,60957.99,Hold,0,0,10.000003674067557,2.2668041524520848
2024-05-11 06:11:10.437388032,60957.99,Hold,0,0,10.000003674067557,2.2668041524520848
2024-05-11 06:11:10.437463040,60957.99,Hold,0,0,10.000003674067557,2.2668041524520848
2024-05-11 06:11:10.437534976,60957.99,Hold,0,0,10.000003674067557,2.2668041524520848
2024-05-11 06:11:10.437628928,60957.99,Hold,0,0,10.000003674067557,2.2668041524520848
2024-05-11 06:11:10.437700096,60957.99,Hold,0,0,10.000003674067557,2.2668041524520848
2024-05-11 06:11:10.439649024,60957.99,Hold,0,0,10.000003674067557,2.2668041524520848
2024-05-11 06:11:10.439721216,60957.99,Hold,0,0,10.000003674067557,2.2668041524520848
2024-05-11 06:11:10.439791872,60957.99,Hold,0,0,10.000003674067557,2.2668041524520848
2024-05-11 06:11:10.439863808,60957.99,Hold,0,0,10.000003674067557,2.2668041524520848
2024-05-11 06:11:10.439934976,60957.99,Hold,0,0,10.000003674067557,2.2668041524520848
2024-05-11 06:11:10.440006144,60957.99,Hold,0,0,10.000003674067557,2.2668041524520848
2024-05-11 06:11:10.440077056,60957.99,Hold,0,0,10.000003674067557,2.2668041524520848
2024-05-11 06:11:10.440146944,60957.99,Hold,0,0,10.000003674067557,2.2668041524520848
2024-05-11 06:11:10.440217856,60957.99,Hold,0,0,10.000003674067557,2.2668041524520848
2024-05-11 06:11:10.440288000,60957.99,Hold,0,0,10.000003674067557,2.2668041524520848
2024-05-11 06:11:10.442032128,60957.99,Hold,0,0,10.000003674067557,2.2668041524520848
2024-05-11 06:11:10.442102784,60957.99,Hold,0,0,10.000003674067557,2.2668041524520848
2024-05-11 06:11:10.477878016,60957.99,Hold,0,0,10.000003674067557,2.2668041524520848
2024-05-11 06:11:10.477969920,60957.99,Hold,0,0,10.000003674067557,2.2668041524520848
2024-05-11 06:11:10.478066944,60957.99,Hold,0,0,10.000003674067557,2.2668041524520848
2024-05-11 06:11:10.621161984,60957.99,Hold,0,0,10.000003674067557,2.2668041524520848
2024-05-11 06:11:10.692035840,60957.99,Hold,0,0,10.000003674067557,2.2668041524520848
2024-05-11 06:11:10.692569856,60957.99,Hold,0,0,10.000003674067557,2.2668041524520848
2024-05-11 06:11:10.692825088,60957.99,Hold,0,0,10.000003674067557,2.2668041524520848
2024-05-11 06:11:10.695826944,60957.99,Hold,0,0,10.000003674067557,2.2668041524520848
2024-05-11 06:11:10.696089088,60957.99,Hold,0,0,10.000003674067557,2.2668041524520848
2024-05-11 06:11:10.696342016,60957.99,Hold,0,0,10.000003674067557,2.2668041524520848
2024-05-11 06:11:10.696648960,60957.99,Hold,0,0,10.000003674067557,2.2668041524520848
2024-05-11 06:11:10.696909056,60957.99,Hold,0,0,10.000003674067557,2.2668041524520848
2024-05-11 06:11:10.859193088,60957.98,Hold,0,0,10.000003674067557,2.2668041524520848
2024-05-11 06:11:10.859617024,60957.98,Hold,0,0,10.000003674067557,2.2668041524520848
2024-05-11 06:11:10.859969024,60957.98,Hold,0,0,10.000003674067557,2.2668041524520848
2024-05-11 06:11:10.887411968,60957.98,Hold,0,0,10.000003674067557,2.2668041524520848
2024-05-11 06:11:11.321021952,60957.98,Hold,0,0,10.000003674067557,2.2668041524520848
2024-05-11 06:11:11.325974016,60957.98,Hold,0,0,10.000003674067557,2.2668041524520848
2024-05-11 06:11:11.326092032,60957.98,Hold,0,0,10.000003674067557,2.2668041524520848
2024-05-11 06:11:11.326199040,60957.98,Hold,0,0,10.000003674067557,2.2668041524520848
2024-05-11 06:11:11.335079936,60957.98,Hold,0,0,10.000003674067557,2.2668041524520848
2024-05-11 06:11:11.384749056,60957.98,Hold,0,0,10.000003674067557,2.2668041524520848
2024-05-11 06:11:11.384812032,60957.98,Hold,0,0,10.000003674067557,2.2668041524520848
2024-05-11 06:11:11.384871936,60957.98,Hold,0,0,10.000003674067557,2.2668041524520848
2024-05-11 06:11:11.827351040,60957.98,Hold,0,0,10.000003674067557,2.2668041524520848
2024-05-11 06:11:11.827825920,60957.67,Hold,0,0,10.000003674067557,2.2668041524520848
2024-05-11 06:11:11.828171008,60957.67,Hold,0,0,10.000003674067557,2.2668041524520848
2024-05-11 06:11:11.828571136,60957.27,Hold,0,0,10.000003674067557,2.2668041524520848
2024-05-11 06:11:11.828918016,60957.27,Hold,0,0,10.000003674067557,2.2668041524520848
2024-05-11 06:11:11.829278976,60957.03,Hold,0,0,10.000003674067557,2.2668041524520848
2024-05-11 06:11:11.829606912,60956.44,Hold,0,0,10.000003674067557,2.2668041524520848
2024-05-11 06:11:11.829979904,60955.65,Hold,0,0,10.000003674067557,2.2668041524520848
2024-05-11 06:11:11.830332928,60954.86,Hold,0,0,10.000003674067557,2.2668041524520848
2024-05-11 06:11:11.830547200,60954.12,Hold,0,0,10.000003674067557,2.2668041524520848
2024-05-11 06:11:11.830733056,60954.07,Hold,0,0,10.000003674067557,2.2668041524520848
2024-05-11 06:11:11.830949120,60954.0,Hold,0,0,10.000003674067557,2.2668041524520848
2024-05-11 06:11:11.831180032,60954.0,Hold,0,0,10.000003674067557,2.2668041524520848
2024-05-11 06:11:11.831378944,60954.0,Hold,0,0,10.000003674067557,2.2668041524520848
2024-05-11 06:11:11.831567104,60953.98,Hold,0,0,10.000003674067557,2.2668041524520848
2024-05-11 06:11:11.831779840,60953.92,Hold,0,0,10.000003674067557,2.2668041524520848
2024-05-11 06:11:11.832012032,60953.51,Hold,0,0,10.000003674067557,2.2668041524520848
2024-05-11 06:11:11.832248064,60953.51,Hold,0,0,10.000003674067557,2.2668041524520848
2024-05-11 06:11:11.832410112,60953.28,Hold,0,0,10.000003674067557,2.2668041524520848
2024-05-11 06:11:11.832585216,60953.27,Hold,0,0,10.000003674067557,2.2668041524520848
2024-05-11 06:11:11.832772096,60953.27,Hold,0,0,10.000003674067557,2.2668041524520848
2024-05-11 06:11:11.832928768,60953.27,Hold,0,0,10.000003674067557,2.2668041524520848
2024-05-11 06:11:11.833082880,60953.27,Hold,0,0,10.000003674067557,2.2668041524520848
2024-05-11 06:11:11.833236992,60953.27,Hold,0,0,10.000003674067557,2.2668041524520848
2024-05-11 06:11:11.833391872,60953.27,Hold,0,0,10.000003674067557,2.2668041524520848
2024-05-11 06:11:11.833566976,60953.27,Hold,0,0,10.000003674067557,2.2668041524520848
2024-05-11 06:11:11.833733120,60953.27,Hold,0,0,10.000003674067557,2.2668041524520848
2024-05-11 06:11:11.833901056,60953.27,Hold,0,0,10.000003674067557,2.2668041524520848
2024-05-11 06:11:11.834070016,60953.27,Hold,0,0,10.000003674067557,2.2668041524520848
2024-05-11 06:11:11.834371072,60953.27,Buy,0,0,10.000003674067557,2.2668041524520848
2024-05-11 06:11:11.834692864,60953.27,Hold,0,0,10.000003674067557,2.2668041524520848
2024-05-11 06:11:11.834894848,60953.27,Hold,0,0,10.000003674067557,2.2668041524520848
2024-05-11 06:11:11.847343872,60953.27,Hold,0,0,10.000003674067557,2.2668041524520848
2024-05-11 06:11:11.873564928,60953.27,Hold,0,0,10.000003674067557,2.2668041524520848
2024-05-11 06:11:11.884849920,60953.27,Hold,0,0,10.000003674067557,2.2668041524520848
2024-05-11 06:11:11.961182976,60953.27,Hold,0,0,10.000003674067557,2.2668041524520848
2024-05-11 06:11:12.049929984,60953.27,Hold,0,0,10.000003674067557,2.2668041524520848
2024-05-11 06:11:12.050455040,60953.27,Hold,0,0,10.000003674067557,2.2668041524520848
2024-05-11 06:11:12.051002880,60953.27,Hold,0,0,10.000003674067557,2.2668041524520848
2024-05-11 06:11:12.052571904,60953.27,Hold,0,0,10.000003674067557,2.2668041524520848
2024-05-11 06:11:11.321021952,60957.98,Hold,0,0,10.000003674067557,2.2668041524520848
2024-05-11 06:11:11.325974016,60957.98,Hold,0,0,10.000003674067557,2.2668041524520848
2024-05-11 06:11:11.326092032,60957.98,Hold,0,0,10.000003674067557,2.2668041524520848
2024-05-11 06:11:11.326199040,60957.98,Hold,0,0,10.000003674067557,2.2668041524520848
2024-05-11 06:11:11.335079936,60957.98,Sell,0,0,10.000003674067557,2.2668041524520848
2024-05-11 06:11:11.384749056,60957.98,Hold,0,0,10.000003674067557,2.2668041524520848
2024-05-11 06:11:11.384812032,60957.98,Hold,0,0,10.000003674067557,2.2668041524520848
2024-05-11 06:11:11.384871936,60957.98,Hold,0,0,10.000003674067557,2.2668041524520848
2024-05-11 06:11:11.827351040,60957.98,Hold,0,0,10.000003674067557,2.2668041524520848
2024-05-11 06:11:11.827825920,60957.67,Hold,0,0,10.000003674067557,2.2668041524520848
2024-05-11 06:11:11.828171008,60957.67,Hold,0,0,10.000003674067557,2.2668041524520848
2024-05-11 06:11:11.828571136,60957.27,Hold,0,0,10.000003674067557,2.2668041524520848
2024-05-11 06:11:11.828918016,60957.27,Hold,0,0,10.000003674067557,2.2668041524520848
2024-05-11 06:11:11.829278976,60957.03,Hold,0,0,10.000003674067557,2.2668041524520848
2024-05-11 06:11:11.829606912,60956.44,Hold,0,0,10.000003674067557,2.2668041524520848
2024-05-11 06:11:11.829979904,60955.65,Hold,0,0,10.000003674067557,2.2668041524520848
2024-05-11 06:11:11.830332928,60954.86,Hold,0,0,10.000003674067557,2.2668041524520848
2024-05-11 06:11:11.830547200,60954.12,Hold,0,0,10.000003674067557,2.2668041524520848
2024-05-11 06:11:11.830733056,60954.07,Hold,0,0,10.000003674067557,2.2668041524520848
2024-05-11 06:11:11.830949120,60954.0,Hold,0,0,10.000003674067557,2.2668041524520848
2024-05-11 06:11:11.831180032,60954.0,Hold,0,0,10.000003674067557,2.2668041524520848
2024-05-11 06:11:11.831378944,60954.0,Hold,0,0,10.000003674067557,2.2668041524520848
2024-05-11 06:11:11.831567104,60953.98,Hold,0,0,10.000003674067557,2.2668041524520848
2024-05-11 06:11:11.831779840,60953.92,Hold,0,0,10.000003674067557,2.2668041524520848
2024-05-11 06:11:11.832012032,60953.51,Hold,0,0,10.000003674067557,2.2668041524520848
2024-05-11 06:11:11.832248064,60953.51,Hold,0,0,10.000003674067557,2.2668041524520848
2024-05-11 06:11:11.832410112,60953.28,Hold,0,0,10.000003674067557,2.2668041524520848
2024-05-11 06:11:11.832585216,60953.27,Hold,0,0,10.000003674067557,2.2668041524520848
2024-05-11 06:11:11.832772096,60953.27,Hold,0,0,10.000003674067557,2.2668041524520848
2024-05-11 06:11:11.832928768,60953.27,Hold,0,0,10.000003674067557,2.2668041524520848
2024-05-11 06:11:11.833082880,60953.27,Hold,0,0,10.000003674067557,2.2668041524520848
2024-05-11 06:11:11.833236992,60953.27,Hold,0,0,10.000003674067557,2.2668041524520848
2024-05-11 06:11:11.833391872,60953.27,Hold,0,0,10.000003674067557,2.2668041524520848
2024-05-11 06:11:11.833566976,60953.27,Hold,0,0,10.000003674067557,2.2668041524520848
2024-05-11 06:11:11.833733120,60953.27,Hold,0,0,10.000003674067557,2.2668041524520848
2024-05-11 06:11:11.833901056,60953.27,Hold,0,0,10.000003674067557,2.2668041524520848
2024-05-11 06:11:11.834070016,60953.27,Hold,0,0,10.000003674067557,2.2668041524520848
2024-05-11 06:11:11.834371072,60953.27,Hold,0,0,10.000003674067557,2.2668041524520848
2024-05-11 06:11:11.834692864,60953.27,Hold,0,0,10.000003674067557,2.2668041524520848
2024-05-11 06:11:11.834894848,60953.27,Hold,0,0,10.000003674067557,2.2668041524520848
2024-05-11 06:11:11.847343872,60953.27,Hold,0,0,10.000003674067557,2.2668041524520848
2024-05-11 06:11:11.873564928,60953.27,Hold,0,0,10.000003674067557,2.2668041524520848
2024-05-11 06:11:11.884849920,60953.27,Hold,0,0,10.000003674067557,2.2668041524520848
2024-05-11 06:11:11.961182976,60953.27,Hold,0,0,10.000003674067557,2.2668041524520848
2024-05-11 06:11:12.049929984,60953.27,Hold,0,0,10.000003674067557,2.2668041524520848
2024-05-11 06:11:12.050455040,60953.27,Hold,0,0,10.000003674067557,2.2668041524520848
2024-05-11 06:11:12.051002880,60953.27,Hold,0,0,10.000003674067557,2.2668041524520848
2024-05-11 06:11:12.052571904,60953.27,Hold,0,0,10.000003674067557,2.2668041524520848
2024-05-11 06:11:12.288893952,60953.28,Hold,0,0,10.000003674067557,2.2668041524520848
2024-05-11 06:11:12.850755840,60953.28,Hold,0,0,10.000003674067557,2.2668041524520848
2024-05-11 06:11:13.159873024,60953.27,Hold,0,0,10.000003674067557,2.2668041524520848
2024-05-11 06:11:13.160496896,60953.27,Hold,0,0,10.000003674067557,2.2668041524520848
2024-05-11 06:11:12.288893952,60953.28,Hold,0,0,10.000003674067557,2.2668041524520848
2024-05-11 06:11:12.850755840,60953.28,Hold,0,0,10.000003674067557,2.2668041524520848
2024-05-11 06:11:13.159873024,60953.27,Hold,0,0,10.000003674067557,2.2668041524520848
2024-05-11 06:11:13.160496896,60953.27,Hold,0,0,10.000003674067557,2.2668041524520848
2024-05-11 06:11:13.405835008,60953.28,Hold,0,0,10.000003674067557,2.2668041524520848
2024-05-11 06:11:13.499911936,60953.27,Hold,0,0,10.000003674067557,2.2668041524520848
2024-05-11 06:11:13.499977984,60953.27,Hold,0,0,10.000003674067557,2.2668041524520848
2024-05-11 06:11:13.500043008,60953.27,Hold,0,0,10.000003674067557,2.2668041524520848
2024-05-11 06:11:13.500096000,60953.27,Hold,0,0,10.000003674067557,2.2668041524520848
2024-05-11 06:11:13.500147968,60953.27,Hold,0,0,10.000003674067557,2.2668041524520848
2024-05-11 06:11:13.500199936,60953.27,Hold,0,0,10.000003674067557,2.2668041524520848
2024-05-11 06:11:13.500256000,60953.27,Hold,0,0,10.000003674067557,2.2668041524520848
2024-05-11 06:11:13.500307968,60953.27,Hold,0,0,10.000003674067557,2.2668041524520848
2024-05-11 06:11:13.500359168,60953.27,Hold,0,0,10.000003674067557,2.2668041524520848
2024-05-11 06:11:13.500410112,60953.27,Hold,0,0,10.000003674067557,2.2668041524520848
2024-05-11 06:11:13.500461056,60953.27,Hold,0,0,10.000003674067557,2.2668041524520848
2024-05-11 06:11:13.500513024,60953.27,Hold,0,0,10.000003674067557,2.2668041524520848
2024-05-11 06:11:13.500567808,60953.27,Hold,0,0,10.000003674067557,2.2668041524520848
2024-05-11 06:11:13.500624896,60953.24,Hold,0,0,10.000003674067557,2.2668041524520848
2024-05-11 06:11:13.500675840,60953.23,Hold,0,0,10.000003674067557,2.2668041524520848
2024-05-11 06:11:13.500727040,60953.23,Hold,0,0,10.000003674067557,2.2668041524520848
2024-05-11 06:11:13.500777984,60953.22,Hold,0,0,10.000003674067557,2.2668041524520848
2024-05-11 06:11:13.500833024,60952.49,Hold,0,0,10.000003674067557,2.2668041524520848
2024-05-11 06:11:13.501379840,60952.0,Hold,0,0,10.000003674067557,2.2668041524520848
2024-05-11 06:11:13.518398976,60952.0,Hold,0,0,10.000003674067557,2.2668041524520848
2024-05-11 06:11:13.518487040,60952.0,Hold,0,0,10.000003674067557,2.2668041524520848
2024-05-11 06:11:13.874337792,60952.0,Hold,0,0,10.000003674067557,2.2668041524520848
2024-05-11 06:11:14.182230016,60952.0,Hold,0,0,10.000003674067557,2.2668041524520848
2024-05-11 06:11:14.182339840,60952.0,Hold,0,0,10.000003674067557,2.2668041524520848
2024-05-11 06:11:14.182447872,60952.0,Hold,0,0,10.000003674067557,2.2668041524520848
2024-05-11 06:11:14.182539008,60952.0,Hold,0,0,10.000003674067557,2.2668041524520848
2024-05-11 06:11:14.182629120,60952.0,Hold,0,0,10.000003674067557,2.2668041524520848
2024-05-11 06:11:14.182717952,60952.0,Buy,0,0,10.000003674067557,2.2668041524520848
2024-05-11 06:11:14.182807040,60952.0,Hold,0,0,10.000003674067557,2.2668041524520848
2024-05-11 06:11:14.182904832,60952.0,Hold,0,0,10.000003674067557,2.2668041524520848
2024-05-11 06:11:14.182993920,60952.0,Hold,0,0,10.000003674067557,2.2668041524520848
2024-05-11 06:11:14.183083008,60952.0,Hold,0,0,10.000003674067557,2.2668041524520848
2024-05-11 06:11:14.183172864,60952.0,Hold,0,0,10.000003674067557,2.2668041524520848
2024-05-11 06:11:14.183270912,60952.0,Hold,0,0,10.000003674067557,2.2668041524520848
2024-05-11 06:11:14.183362048,60952.0,Hold,0,0,10.000003674067557,2.2668041524520848
2024-05-11 06:11:14.183451904,60952.0,Hold,0,0,10.000003674067557,2.2668041524520848
2024-05-11 06:11:14.183548928,60952.0,Hold,0,0,10.000003674067557,2.2668041524520848
2024-05-11 06:11:14.183796992,60952.0,Hold,0,0,10.000003674067557,2.2668041524520848
2024-05-11 06:11:13.405835008,60953.28,Sell,0,0,10.000003674067557,2.2668041524520848
2024-05-11 06:11:13.499911936,60953.27,Hold,0,0,10.000003674067557,2.2668041524520848
2024-05-11 06:11:13.499977984,60953.27,Hold,0,0,10.000003674067557,2.2668041524520848
2024-05-11 06:11:13.500043008,60953.27,Hold,0,0,10.000003674067557,2.2668041524520848
2024-05-11 06:11:13.500096000,60953.27,Hold,0,0,10.000003674067557,2.2668041524520848
2024-05-11 06:11:13.500147968,60953.27,Hold,0,0,10.000003674067557,2.2668041524520848
2024-05-11 06:11:13.500199936,60953.27,Hold,0,0,10.000003674067557,2.2668041524520848
2024-05-11 06:11:13.500256000,60953.27,Hold,0,0,10.000003674067557,2.2668041524520848
2024-05-11 06:11:13.500307968,60953.27,Hold,0,0,10.000003674067557,2.2668041524520848
2024-05-11 06:11:13.500359168,60953.27,Hold,0,0,10.000003674067557,2.2668041524520848
2024-05-11 06:11:13.500410112,60953.27,Hold,0,0,10.000003674067557,2.2668041524520848
2024-05-11 06:11:13.500461056,60953.27,Hold,0,0,10.000003674067557,2.2668041524520848
2024-05-11 06:11:13.500513024,60953.27,Hold,0,0,10.000003674067557,2.2668041524520848
2024-05-11 06:11:13.500567808,60953.27,Hold,0,0,10.000003674067557,2.2668041524520848
2024-05-11 06:11:13.500624896,60953.24,Hold,0,0,10.000003674067557,2.2668041524520848
2024-05-11 06:11:13.500675840,60953.23,Hold,0,0,10.000003674067557,2.2668041524520848
2024-05-11 06:11:13.500727040,60953.23,Hold,0,0,10.000003674067557,2.2668041524520848
2024-05-11 06:11:13.500777984,60953.22,Hold,0,0,10.000003674067557,2.2668041524520848
2024-05-11 06:11:13.500833024,60952.49,Hold,0,0,10.000003674067557,2.2668041524520848
2024-05-11 06:11:13.501379840,60952.0,Hold,0,0,10.000003674067557,2.2668041524520848
2024-05-11 06:11:13.518398976,60952.0,Hold,0,0,10.000003674067557,2.2668041524520848
2024-05-11 06:11:13.518487040,60952.0,Hold,0,0,10.000003674067557,2.2668041524520848
2024-05-11 06:11:13.874337792,60952.0,Hold,0,0,10.000003674067557,2.2668041524520848
2024-05-11 06:11:14.182230016,60952.0,Hold,0,0,10.000003674067557,2.2668041524520848
2024-05-11 06:11:14.182339840,60952.0,Hold,0,0,10.000003674067557,2.2668041524520848
2024-05-11 06:11:14.182447872,60952.0,Hold,0,0,10.000003674067557,2.2668041524520848
2024-05-11 06:11:14.182539008,60952.0,Hold,0,0,10.000003674067557,2.2668041524520848
2024-05-11 06:11:14.182629120,60952.0,Hold,0,0,10.000003674067557,2.2668041524520848
2024-05-11 06:11:14.182717952,60952.0,Hold,0,0,10.000003674067557,2.2668041524520848
2024-05-11 06:11:14.182807040,60952.0,Hold,0,0,10.000003674067557,2.2668041524520848
2024-05-11 06:11:14.182904832,60952.0,Hold,0,0,10.000003674067557,2.2668041524520848
2024-05-11 06:11:14.182993920,60952.0,Hold,0,0,10.000003674067557,2.2668041524520848
2024-05-11 06:11:14.183083008,60952.0,Hold,0,0,10.000003674067557,2.2668041524520848
2024-05-11 06:11:14.183172864,60952.0,Hold,0,0,10.000003674067557,2.2668041524520848
2024-05-11 06:11:14.183270912,60952.0,Hold,0,0,10.000003674067557,2.2668041524520848
2024-05-11 06:11:14.183362048,60952.0,Hold,0,0,10.000003674067557,2.2668041524520848
2024-05-11 06:11:14.183451904,60952.0,Hold,0,0,10.000003674067557,2.2668041524520848
2024-05-11 06:11:14.183548928,60952.0,Hold,0,0,10.000003674067557,2.2668041524520848
2024-05-11 06:11:14.183796992,60952.0,Hold,0,0,10.000003674067557,2.2668041524520848
2024-05-11 06:11:14.319785216,60952.01,Hold,0,0,10.000003674067557,2.2668041524520848
2024-05-11 06:11:14.319858176,60952.01,Hold,0,0,10.000003674067557,2.2668041524520848
2024-05-11 06:11:14.407767040,60952.0,Hold,0,0,10.000003674067557,2.2668041524520848
2024-05-11 06:11:14.571675136,60952.0,Hold,0,0,10.000003674067557,2.2668041524520848
2024-05-11 06:11:15.031766016,60952.01,Hold,0,0,10.000003674067557,2.2668041524520848
2024-05-11 06:11:15.236470016,60952.0,Hold,0,0,10.000003674067557,2.2668041524520848
2024-05-11 06:11:14.319785216,60952.01,Hold,0,0,10.000003674067557,2.2668041524520848
2024-05-11 06:11:14.319858176,60952.01,Hold,0,0,10.000003674067557,2.2668041524520848
2024-05-11 06:11:14.407767040,60952.0,Hold,0,0,10.000003674067557,2.2668041524520848
2024-05-11 06:11:14.571675136,60952.0,Hold,0,0,10.000003674067557,2.2668041524520848
2024-05-11 06:11:15.031766016,60952.01,Hold,0,0,10.000003674067557,2.2668041524520848
2024-05-11 06:11:15.236470016,60952.0,Hold,0,0,10.000003674067557,2.2668041524520848
2024-05-11 06:11:15.615014912,60952.01,Hold,0,0,10.000003674067557,2.2668041524520848
2024-05-11 06:11:15.615078912,60952.01,Hold,0,0,10.000003674067557,2.2668041524520848
2024-05-11 06:11:15.895768832,60952.0,Hold,0,0,10.000003674067557,2.2668041524520848
2024-05-11 06:11:15.615014912,60952.01,Hold,0,0,10.000003674067557,2.2668041524520848
2024-05-11 06:11:15.615078912,60952.01,Hold,0,0,10.000003674067557,2.2668041524520848
2024-05-11 06:11:15.895768832,60952.0,Hold,0,0,10.000003674067557,2.2668041524520848
2024-05-11 06:11:16.335674880,60952.0,Hold,0,0,10.000003674067557,2.2668041524520848
2024-05-11 06:11:16.337761024,60952.01,Hold,0,0,10.000003674067557,2.2668041524520848
2024-05-11 06:11:16.447596032,60952.0,Hold,0,0,10.000003674067557,2.2668041524520848
2024-05-11 06:11:16.447660032,60952.0,Hold,0,0,10.000003674067557,2.2668041524520848
2024-05-11 06:11:16.447713024,60952.0,Hold,0,0,10.000003674067557,2.2668041524520848
2024-05-11 06:11:16.447990784,60952.0,Hold,0,0,10.000003674067557,2.2668041524520848
2024-05-11 06:11:16.448045056,60952.0,Hold,0,0,10.000003674067557,2.2668041524520848
2024-05-11 06:11:16.448097024,60952.0,Hold,0,0,10.000003674067557,2.2668041524520848
2024-05-11 06:11:16.948795136,60952.0,Hold,0,0,10.000003674067557,2.2668041524520848
2024-05-11 06:11:16.335674880,60952.0,Hold,0,0,10.000003674067557,2.2668041524520848
2024-05-11 06:11:16.337761024,60952.01,Hold,0,0,10.000003674067557,2.2668041524520848
2024-05-11 06:11:16.447596032,60952.0,Hold,0,0,10.000003674067557,2.2668041524520848
2024-05-11 06:11:16.447660032,60952.0,Hold,0,0,10.000003674067557,2.2668041524520848
2024-05-11 06:11:16.447713024,60952.0,Hold,0,0,10.000003674067557,2.2668041524520848
2024-05-11 06:11:16.447990784,60952.0,Hold,0,0,10.000003674067557,2.2668041524520848
2024-05-11 06:11:16.448045056,60952.0,Hold,0,0,10.000003674067557,2.2668041524520848
2024-05-11 06:11:16.448097024,60952.0,Hold,0,0,10.000003674067557,2.2668041524520848
2024-05-11 06:11:16.948795136,60952.0,Hold,0,0,10.000003674067557,2.2668041524520848
2024-05-11 06:11:18.732173824,60952.01,Hold,0,0,10.000003674067557,2.2668041524520848
2024-05-11 06:11:18.778703872,60952.0,Hold,0,0,10.000003674067557,2.2668041524520848
2024-05-11 06:11:18.778838016,60952.0,Hold,0,0,10.000003674067557,2.2668041524520848
2024-05-11 06:11:18.778973952,60952.0,Hold,0,0,10.000003674067557,2.2668041524520848
2024-05-11 06:11:18.784400896,60952.0,Hold,0,0,10.000003674067557,2.2668041524520848
2024-05-11 06:11:18.784552192,60952.0,Hold,0,0,10.000003674067557,2.2668041524520848
2024-05-11 06:11:18.784713984,60952.0,Hold,0,0,10.000003674067557,2.2668041524520848
2024-05-11 06:11:18.784909056,60952.0,Hold,0,0,10.000003674067557,2.2668041524520848
2024-05-11 06:11:18.786322944,60952.0,Hold,0,0,10.000003674067557,2.2668041524520848
2024-05-11 06:11:18.732173824,60952.01,Hold,0,0,10.000003674067557,2.2668041524520848
2024-05-11 06:11:18.778703872,60952.0,Hold,0,0,10.000003674067557,2.2668041524520848
2024-05-11 06:11:18.778838016,60952.0,Hold,0,0,10.000003674067557,2.2668041524520848
2024-05-11 06:11:18.778973952,60952.0,Hold,0,0,10.000003674067557,2.2668041524520848
2024-05-11 06:11:18.784400896,60952.0,Hold,0,0,10.000003674067557,2.2668041524520848
2024-05-11 06:11:18.784552192,60952.0,Hold,0,0,10.000003674067557,2.2668041524520848
2024-05-11 06:11:18.784713984,60952.0,Hold,0,0,10.000003674067557,2.2668041524520848
2024-05-11 06:11:18.784909056,60952.0,Hold,0,0,10.000003674067557,2.2668041524520848
2024-05-11 06:11:18.786322944,60952.0,Hold,0,0,10.000003674067557,2.2668041524520848
2024-05-11 06:11:19.719549952,60952.01,Hold,0,0,10.000003674067557,2.2668041524520848
2024-05-11 06:11:20.124510976,60952.0,Hold,0,0,10.000003674067557,2.2668041524520848
2024-05-11 06:11:19.719549952,60952.01,Hold,0,0,10.000003674067557,2.2668041524520848
2024-05-11 06:11:20.124510976,60952.0,Hold,0,0,10.000003674067557,2.2668041524520848
2024-05-11 06:11:20.271860992,60952.01,Hold,0,0,10.000003674067557,2.2668041524520848
2024-05-11 06:11:20.523852032,60952.0,Hold,0,0,10.000003674067557,2.2668041524520848
2024-05-11 06:11:20.943880960,60952.0,Hold,0,0,10.000003674067557,2.2668041524520848
2024-05-11 06:11:20.944549120,60952.0,Hold,0,0,10.000003674067557,2.2668041524520848
2024-05-11 06:11:21.075643904,60952.0,Hold,0,0,10.000003674067557,2.2668041524520848
2024-05-11 06:11:21.076077824,60952.0,Hold,0,0,10.000003674067557,2.2668041524520848
2024-05-11 06:11:21.077040896,60952.0,Hold,0,0,10.000003674067557,2.2668041524520848
2024-05-11 06:11:21.077373952,60952.0,Hold,0,0,10.000003674067557,2.2668041524520848
2024-05-11 06:11:21.077728000,60952.0,Hold,0,0,10.000003674067557,2.2668041524520848
2024-05-11 06:11:21.078056192,60952.0,Hold,0,0,10.000003674067557,2.2668041524520848
2024-05-11 06:11:21.078443008,60952.0,Hold,0,0,10.000003674067557,2.2668041524520848
2024-05-11 06:11:21.078775808,60952.0,Hold,0,0,10.000003674067557,2.2668041524520848
2024-05-11 06:11:21.079108096,60952.0,Hold,0,0,10.000003674067557,2.2668041524520848
2024-05-11 06:11:21.079443968,60952.0,Hold,0,0,10.000003674067557,2.2668041524520848
2024-05-11 06:11:21.079776000,60952.0,Hold,0,0,10.000003674067557,2.2668041524520848
2024-05-11 06:11:21.080125184,60952.0,Hold,0,0,10.000003674067557,2.2668041524520848
2024-05-11 06:11:21.080421888,60952.0,Hold,0,0,10.000003674067557,2.2668041524520848
2024-05-11 06:11:21.080689920,60952.0,Hold,0,0,10.000003674067557,2.2668041524520848
2024-05-11 06:11:21.080934144,60952.0,Hold,0,0,10.000003674067557,2.2668041524520848
2024-05-11 06:11:21.081187840,60952.0,Hold,0,0,10.000003674067557,2.2668041524520848
2024-05-11 06:11:21.084295936,60952.0,Hold,0,0,10.000003674067557,2.2668041524520848
2024-05-11 06:11:21.111777024,60952.0,Hold,0,0,10.000003674067557,2.2668041524520848
2024-05-11 06:11:21.242068992,60952.01,Hold,0,0,10.000003674067557,2.2668041524520848
2024-05-11 06:11:20.271860992,60952.01,Hold,0,0,10.000003674067557,2.2668041524520848
2024-05-11 06:11:20.523852032,60952.0,Hold,0,0,10.000003674067557,2.2668041524520848
2024-05-11 06:11:20.943880960,60952.0,Hold,0,0,10.000003674067557,2.2668041524520848
2024-05-11 06:11:20.944549120,60952.0,Hold,0,0,10.000003674067557,2.2668041524520848
2024-05-11 06:11:21.075643904,60952.0,Hold,0,0,10.000003674067557,2.2668041524520848
2024-05-11 06:11:21.076077824,60952.0,Hold,0,0,10.000003674067557,2.2668041524520848
2024-05-11 06:11:21.077040896,60952.0,Hold,0,0,10.000003674067557,2.2668041524520848
2024-05-11 06:11:21.077373952,60952.0,Hold,0,0,10.000003674067557,2.2668041524520848
2024-05-11 06:11:21.077728000,60952.0,Hold,0,0,10.000003674067557,2.2668041524520848
2024-05-11 06:11:21.078056192,60952.0,Hold,0,0,10.000003674067557,2.2668041524520848
2024-05-11 06:11:21.078443008,60952.0,Hold,0,0,10.000003674067557,2.2668041524520848
2024-05-11 06:11:21.078775808,60952.0,Hold,0,0,10.000003674067557,2.2668041524520848
2024-05-11 06:11:21.079108096,60952.0,Hold,0,0,10.000003674067557,2.2668041524520848
2024-05-11 06:11:21.079443968,60952.0,Hold,0,0,10.000003674067557,2.2668041524520848
2024-05-11 06:11:21.079776000,60952.0,Hold,0,0,10.000003674067557,2.2668041524520848
2024-05-11 06:11:21.080125184,60952.0,Hold,0,0,10.000003674067557,2.2668041524520848
2024-05-11 06:11:21.080421888,60952.0,Hold,0,0,10.000003674067557,2.2668041524520848
2024-05-11 06:11:21.080689920,60952.0,Hold,0,0,10.000003674067557,2.2668041524520848
2024-05-11 06:11:21.080934144,60952.0,Hold,0,0,10.000003674067557,2.2668041524520848
2024-05-11 06:11:21.081187840,60952.0,Hold,0,0,10.000003674067557,2.2668041524520848
2024-05-11 06:11:21.084295936,60952.0,Hold,0,0,10.000003674067557,2.2668041524520848
2024-05-11 06:11:21.111777024,60952.0,Hold,0,0,10.000003674067557,2.2668041524520848
2024-05-11 06:11:21.242068992,60952.01,Hold,0,0,10.000003674067557,2.2668041524520848
2024-05-11 06:11:21.836239104,60952.0,Hold,0,0,10.000003674067557,2.2668041524520848
2024-05-11 06:11:21.964344064,60952.0,Hold,0,0,10.000003674067557,2.2668041524520848
2024-05-11 06:11:21.836239104,60952.0,Hold,0,0,10.000003674067557,2.2668041524520848
2024-05-11 06:11:21.964344064,60952.0,Hold,0,0,10.000003674067557,2.2668041524520848
2024-05-11 06:11:23.323663104,60952.0,Hold,0,0,10.000003674067557,2.2668041524520848
2024-05-11 06:11:23.371639040,60952.0,Hold,0,0,10.000003674067557,2.2668041524520848
2024-05-11 06:11:23.371704064,60952.0,Hold,0,0,10.000003674067557,2.2668041524520848
2024-05-11 06:11:23.371796992,60952.0,Hold,0,0,10.000003674067557,2.2668041524520848
2024-05-11 06:11:23.371853056,60952.0,Hold,0,0,10.000003674067557,2.2668041524520848
2024-05-11 06:11:23.371907072,60952.0,Hold,0,0,10.000003674067557,2.2668041524520848
2024-05-11 06:11:23.371959808,60952.0,Hold,0,0,10.000003674067557,2.2668041524520848
2024-05-11 06:11:23.372015104,60952.0,Hold,0,0,10.000003674067557,2.2668041524520848
2024-05-11 06:11:23.372067072,60952.0,Hold,0,0,10.000003674067557,2.2668041524520848
2024-05-11 06:11:23.372119808,60952.0,Hold,0,0,10.000003674067557,2.2668041524520848
2024-05-11 06:11:23.375097088,60952.0,Hold,0,0,10.000003674067557,2.2668041524520848
2024-05-11 06:11:23.375170048,60952.0,Hold,0,0,10.000003674067557,2.2668041524520848
2024-05-11 06:11:23.375228928,60952.0,Hold,0,0,10.000003674067557,2.2668041524520848
2024-05-11 06:11:23.375282176,60952.0,Hold,0,0,10.000003674067557,2.2668041524520848
2024-05-11 06:11:23.375348992,60952.0,Hold,0,0,10.000003674067557,2.2668041524520848
2024-05-11 06:11:23.375400960,60952.0,Hold,0,0,10.000003674067557,2.2668041524520848
2024-05-11 06:11:23.375452160,60952.0,Hold,0,0,10.000003674067557,2.2668041524520848
2024-05-11 06:11:23.375503104,60952.0,Hold,0,0,10.000003674067557,2.2668041524520848
2024-05-11 06:11:23.375552768,60952.0,Hold,0,0,10.000003674067557,2.2668041524520848
2024-05-11 06:11:23.375603968,60952.0,Hold,0,0,10.000003674067557,2.2668041524520848
2024-05-11 06:11:23.486712832,60952.0,Hold,0,0,10.000003674067557,2.2668041524520848
2024-05-11 06:11:23.486782976,60952.0,Hold,0,0,10.000003674067557,2.2668041524520848
2024-05-11 06:11:23.486834944,60952.0,Hold,0,0,10.000003674067557,2.2668041524520848
2024-05-11 06:11:23.486887936,60952.0,Hold,0,0,10.000003674067557,2.2668041524520848
2024-05-11 06:11:23.486944000,60952.0,Hold,0,0,10.000003674067557,2.2668041524520848
2024-05-11 06:11:23.486999040,60952.0,Hold,0,0,10.000003674067557,2.2668041524520848
2024-05-11 06:11:23.487055104,60952.0,Hold,0,0,10.000003674067557,2.2668041524520848
2024-05-11 06:11:23.487111168,60952.0,Hold,0,0,10.000003674067557,2.2668041524520848
2024-05-11 06:11:23.487162112,60952.0,Hold,0,0,10.000003674067557,2.2668041524520848
2024-05-11 06:11:23.487212800,60952.0,Hold,0,0,10.000003674067557,2.2668041524520848
2024-05-11 06:11:23.487264000,60952.0,Hold,0,0,10.000003674067557,2.2668041524520848
2024-05-11 06:11:23.487314944,60951.7,Hold,0,0,10.000003674067557,2.2668041524520848
2024-05-11 06:11:23.487365120,60951.37,Hold,0,0,10.000003674067557,2.2668041524520848
2024-05-11 06:11:23.487436032,60951.32,Hold,0,0,10.000003674067557,2.2668041524520848
2024-05-11 06:11:24.014951936,60951.32,Hold,0,0,10.000003674067557,2.2668041524520848
2024-05-11 06:11:24.015464960,60951.32,Hold,0,0,10.000003674067557,2.2668041524520848
2024-05-11 06:11:24.015811072,60951.32,Hold,0,0,10.000003674067557,2.2668041524520848
2024-05-11 06:11:24.016151808,60951.32,Hold,0,0,10.000003674067557,2.2668041524520848
2024-05-11 06:11:24.016491008,60951.32,Hold,0,0,10.000003674067557,2.2668041524520848
2024-05-11 06:11:24.016971008,60951.07,Hold,0,0,10.000003674067557,2.2668041524520848
2024-05-11 06:11:24.017230080,60950.93,Hold,0,0,10.000003674067557,2.2668041524520848
2024-05-11 06:11:24.017479936,60950.91,Hold,0,0,10.000003674067557,2.2668041524520848
2024-05-11 06:11:24.017726976,60950.47,Hold,0,0,10.000003674067557,2.2668041524520848
2024-05-11 06:11:24.017972992,60950.12,Hold,0,0,10.000003674067557,2.2668041524520848
2024-05-11 06:11:24.018256896,60950.0,Hold,0,0,10.000003674067557,2.2668041524520848
2024-05-11 06:11:24.018528000,60950.0,Hold,0,0,10.000003674067557,2.2668041524520848
2024-05-11 06:11:24.018793984,60950.0,Hold,0,0,10.000003674067557,2.2668041524520848
2024-05-11 06:11:24.018994176,60950.0,Hold,0,0,10.000003674067557,2.2668041524520848
2024-05-11 06:11:24.019185920,60950.0,Hold,0,0,10.000003674067557,2.2668041524520848
2024-05-11 06:11:24.019373824,60950.0,Hold,0,0,10.000003674067557,2.2668041524520848
2024-05-11 06:11:24.019588096,60950.0,Hold,0,0,10.000003674067557,2.2668041524520848
2024-05-11 06:11:24.019777024,60950.0,Hold,0,0,10.000003674067557,2.2668041524520848
2024-05-11 06:11:24.019968000,60950.0,Hold,0,0,10.000003674067557,2.2668041524520848
2024-05-11 06:11:24.020158976,60950.0,Hold,0,0,10.000003674067557,2.2668041524520848
2024-05-11 06:11:24.020356864,60949.86,Hold,0,0,10.000003674067557,2.2668041524520848
2024-05-11 06:11:24.020602112,60949.86,Hold,0,0,10.000003674067557,2.2668041524520848
2024-05-11 06:11:24.020935936,60949.86,Hold,0,0,10.000003674067557,2.2668041524520848
2024-05-11 06:11:24.021140224,60949.33,Hold,0,0,10.000003674067557,2.2668041524520848
2024-05-11 06:11:24.021355008,60949.33,Hold,0,0,10.000003674067557,2.2668041524520848
2024-05-11 06:11:24.021534976,60949.33,Hold,0,0,10.000003674067557,2.2668041524520848
2024-05-11 06:11:24.021692928,60949.33,Hold,0,0,10.000003674067557,2.2668041524520848
2024-05-11 06:11:24.021855232,60949.33,Hold,0,0,10.000003674067557,2.2668041524520848
2024-05-11 06:11:24.022032128,60949.33,Hold,0,0,10.000003674067557,2.2668041524520848
2024-05-11 06:11:24.022228992,60948.54,Hold,0,0,10.000003674067557,2.2668041524520848
2024-05-11 06:11:24.022398976,60948.23,Hold,0,0,10.000003674067557,2.2668041524520848
2024-05-11 06:11:24.022556928,60948.0,Hold,0,0,10.000003674067557,2.2668041524520848
2024-05-11 06:11:24.022868992,60948.0,Buy,0,0,10.000003674067557,2.2668041524520848
2024-05-11 06:11:24.023212800,60948.0,Hold,0,0,10.000003674067557,2.2668041524520848
2024-05-11 06:11:24.023449856,60948.01,Hold,0,0,10.000003674067557,2.2668041524520848
2024-05-11 06:11:24.023777024,60948.0,Hold,0,0,10.000003674067557,2.2668041524520848
2024-05-11 06:11:24.183347968,60948.01,Hold,0,0,10.000003674067557,2.2668041524520848
2024-05-11 06:11:23.323663104,60952.0,Hold,0,0,10.000003674067557,2.2668041524520848
2024-05-11 06:11:23.371639040,60952.0,Hold,0,0,10.000003674067557,2.2668041524520848
2024-05-11 06:11:23.371704064,60952.0,Hold,0,0,10.000003674067557,2.2668041524520848
2024-05-11 06:11:23.371796992,60952.0,Hold,0,0,10.000003674067557,2.2668041524520848
2024-05-11 06:11:23.371853056,60952.0,Hold,0,0,10.000003674067557,2.2668041524520848
2024-05-11 06:11:23.371907072,60952.0,Hold,0,0,10.000003674067557,2.2668041524520848
2024-05-11 06:11:23.371959808,60952.0,Hold,0,0,10.000003674067557,2.2668041524520848
2024-05-11 06:11:23.372015104,60952.0,Hold,0,0,10.000003674067557,2.2668041524520848
2024-05-11 06:11:23.372067072,60952.0,Hold,0,0,10.000003674067557,2.2668041524520848
2024-05-11 06:11:23.372119808,60952.0,Hold,0,0,10.000003674067557,2.2668041524520848
2024-05-11 06:11:23.375097088,60952.0,Hold,0,0,10.000003674067557,2.2668041524520848
2024-05-11 06:11:23.375170048,60952.0,Hold,0,0,10.000003674067557,2.2668041524520848
2024-05-11 06:11:23.375228928,60952.0,Hold,0,0,10.000003674067557,2.2668041524520848
2024-05-11 06:11:23.375282176,60952.0,Hold,0,0,10.000003674067557,2.2668041524520848
2024-05-11 06:11:23.375348992,60952.0,Hold,0,0,10.000003674067557,2.2668041524520848
2024-05-11 06:11:23.375400960,60952.0,Sell,0,0,10.000003674067557,2.2668041524520848
2024-05-11 06:11:23.375452160,60952.0,Hold,0,0,10.000003674067557,2.2668041524520848
2024-05-11 06:11:23.375503104,60952.0,Hold,0,0,10.000003674067557,2.2668041524520848
2024-05-11 06:11:23.375552768,60952.0,Hold,0,0,10.000003674067557,2.2668041524520848
2024-05-11 06:11:23.375603968,60952.0,Hold,0,0,10.000003674067557,2.2668041524520848
2024-05-11 06:11:23.486712832,60952.0,Hold,0,0,10.000003674067557,2.2668041524520848
2024-05-11 06:11:23.486782976,60952.0,Hold,0,0,10.000003674067557,2.2668041524520848
2024-05-11 06:11:23.486834944,60952.0,Hold,0,0,10.000003674067557,2.2668041524520848
2024-05-11 06:11:23.486887936,60952.0,Hold,0,0,10.000003674067557,2.2668041524520848
2024-05-11 06:11:23.486944000,60952.0,Hold,0,0,10.000003674067557,2.2668041524520848
2024-05-11 06:11:23.486999040,60952.0,Hold,0,0,10.000003674067557,2.2668041524520848
2024-05-11 06:11:23.487055104,60952.0,Hold,0,0,10.000003674067557,2.2668041524520848
2024-05-11 06:11:23.487111168,60952.0,Hold,0,0,10.000003674067557,2.2668041524520848
2024-05-11 06:11:23.487162112,60952.0,Hold,0,0,10.000003674067557,2.2668041524520848
2024-05-11 06:11:23.487212800,60952.0,Hold,0,0,10.000003674067557,2.2668041524520848
2024-05-11 06:11:23.487264000,60952.0,Hold,0,0,10.000003674067557,2.2668041524520848
2024-05-11 06:11:23.487314944,60951.7,Hold,0,0,10.000003674067557,2.2668041524520848
2024-05-11 06:11:23.487365120,60951.37,Hold,0,0,10.000003674067557,2.2668041524520848
2024-05-11 06:11:23.487436032,60951.32,Hold,0,0,10.000003674067557,2.2668041524520848
2024-05-11 06:11:24.014951936,60951.32,Hold,0,0,10.000003674067557,2.2668041524520848
2024-05-11 06:11:24.015464960,60951.32,Hold,0,0,10.000003674067557,2.2668041524520848
2024-05-11 06:11:24.015811072,60951.32,Hold,0,0,10.000003674067557,2.2668041524520848
2024-05-11 06:11:24.016151808,60951.32,Hold,0,0,10.000003674067557,2.2668041524520848
2024-05-11 06:11:24.016491008,60951.32,Hold,0,0,10.000003674067557,2.2668041524520848
2024-05-11 06:11:24.016971008,60951.07,Hold,0,0,10.000003674067557,2.2668041524520848
2024-05-11 06:11:24.017230080,60950.93,Hold,0,0,10.000003674067557,2.2668041524520848
2024-05-11 06:11:24.017479936,60950.91,Hold,0,0,10.000003674067557,2.2668041524520848
2024-05-11 06:11:24.017726976,60950.47,Hold,0,0,10.000003674067557,2.2668041524520848
2024-05-11 06:11:24.017972992,60950.12,Hold,0,0,10.000003674067557,2.2668041524520848
2024-05-11 06:11:24.018256896,60950.0,Hold,0,0,10.000003674067557,2.2668041524520848
2024-05-11 06:11:24.018528000,60950.0,Hold,0,0,10.000003674067557,2.2668041524520848
2024-05-11 06:11:24.018793984,60950.0,Hold,0,0,10.000003674067557,2.2668041524520848
2024-05-11 06:11:24.018994176,60950.0,Hold,0,0,10.000003674067557,2.2668041524520848
2024-05-11 06:11:24.019185920,60950.0,Hold,0,0,10.000003674067557,2.2668041524520848
2024-05-11 06:11:24.019373824,60950.0,Hold,0,0,10.000003674067557,2.2668041524520848
2024-05-11 06:11:24.019588096,60950.0,Hold,0,0,10.000003674067557,2.2668041524520848
2024-05-11 06:11:24.019777024,60950.0,Hold,0,0,10.000003674067557,2.2668041524520848
2024-05-11 06:11:24.019968000,60950.0,Hold,0,0,10.000003674067557,2.2668041524520848
2024-05-11 06:11:24.020158976,60950.0,Hold,0,0,10.000003674067557,2.2668041524520848
2024-05-11 06:11:24.020356864,60949.86,Hold,0,0,10.000003674067557,2.2668041524520848
2024-05-11 06:11:24.020602112,60949.86,Hold,0,0,10.000003674067557,2.2668041524520848
2024-05-11 06:11:24.020935936,60949.86,Hold,0,0,10.000003674067557,2.2668041524520848
2024-05-11 06:11:24.021140224,60949.33,Hold,0,0,10.000003674067557,2.2668041524520848
2024-05-11 06:11:24.021355008,60949.33,Hold,0,0,10.000003674067557,2.2668041524520848
2024-05-11 06:11:24.021534976,60949.33,Hold,0,0,10.000003674067557,2.2668041524520848
2024-05-11 06:11:24.021692928,60949.33,Hold,0,0,10.000003674067557,2.2668041524520848
2024-05-11 06:11:24.021855232,60949.33,Hold,0,0,10.000003674067557,2.2668041524520848
2024-05-11 06:11:24.022032128,60949.33,Hold,0,0,10.000003674067557,2.2668041524520848
2024-05-11 06:11:24.022228992,60948.54,Hold,0,0,10.000003674067557,2.2668041524520848
2024-05-11 06:11:24.022398976,60948.23,Hold,0,0,10.000003674067557,2.2668041524520848
2024-05-11 06:11:24.022556928,60948.0,Hold,0,0,10.000003674067557,2.2668041524520848
2024-05-11 06:11:24.022868992,60948.0,Hold,0,0,10.000003674067557,2.2668041524520848
2024-05-11 06:11:24.023212800,60948.0,Hold,0,0,10.000003674067557,2.2668041524520848
2024-05-11 06:11:24.023449856,60948.01,Hold,0,0,10.000003674067557,2.2668041524520848
2024-05-11 06:11:24.023777024,60948.0,Hold,0,0,10.000003674067557,2.2668041524520848
2024-05-11 06:11:24.183347968,60948.01,Hold,0,0,10.000003674067557,2.2668041524520848
2024-05-11 06:11:24.871659008,60948.0,Hold,0,0,10.000003674067557,2.2668041524520848
2024-05-11 06:11:25.341979904,60948.0,Hold,0,0,10.000003674067557,2.2668041524520848
2024-05-11 06:11:26.265315072,60948.0,Hold,0,0,10.000003674067557,2.2668041524520848
2024-05-11 06:11:24.871659008,60948.0,Hold,0,0,10.000003674067557,2.2668041524520848
2024-05-11 06:11:25.341979904,60948.0,Hold,0,0,10.000003674067557,2.2668041524520848
2024-05-11 06:11:26.265315072,60948.0,Hold,0,0,10.000003674067557,2.2668041524520848
2024-05-11 06:11:26.394680064,60948.01,Hold,0,0,10.000003674067557,2.2668041524520848
2024-05-11 06:11:26.823576064,60948.01,Hold,0,0,10.000003674067557,2.2668041524520848
2024-05-11 06:11:27.391756032,60948.0,Hold,0,0,10.000003674067557,2.2668041524520848
2024-05-11 06:11:27.427057920,60948.01,Hold,0,0,10.000003674067557,2.2668041524520848
2024-05-11 06:11:27.699544832,60948.0,Hold,0,0,10.000003674067557,2.2668041524520848
2024-05-11 06:11:28.004757760,60948.01,Hold,0,0,10.000003674067557,2.2668041524520848
2024-05-11 06:11:26.394680064,60948.01,Hold,0,0,10.000003674067557,2.2668041524520848
2024-05-11 06:11:26.823576064,60948.01,Hold,0,0,10.000003674067557,2.2668041524520848
2024-05-11 06:11:27.391756032,60948.0,Hold,0,0,10.000003674067557,2.2668041524520848
2024-05-11 06:11:27.427057920,60948.01,Hold,0,0,10.000003674067557,2.2668041524520848
2024-05-11 06:11:27.699544832,60948.0,Hold,0,0,10.000003674067557,2.2668041524520848
2024-05-11 06:11:28.004757760,60948.01,Hold,0,0,10.000003674067557,2.2668041524520848
2024-05-11 06:11:28.827572992,60948.0,Hold,0,0,10.000003674067557,2.2668041524520848
2024-05-11 06:11:28.827652096,60948.0,Hold,0,0,10.000003674067557,2.2668041524520848
2024-05-11 06:11:28.827706112,60948.0,Hold,0,0,10.000003674067557,2.2668041524520848
2024-05-11 06:11:28.827758080,60948.0,Hold,0,0,10.000003674067557,2.2668041524520848
2024-05-11 06:11:28.827809024,60948.0,Hold,0,0,10.000003674067557,2.2668041524520848
2024-05-11 06:11:28.827860224,60948.0,Hold,0,0,10.000003674067557,2.2668041524520848
2024-05-11 06:11:28.827912192,60948.0,Hold,0,0,10.000003674067557,2.2668041524520848
2024-05-11 06:11:28.827970048,60948.0,Hold,0,0,10.000003674067557,2.2668041524520848
2024-05-11 06:11:28.828023040,60948.0,Hold,0,0,10.000003674067557,2.2668041524520848
2024-05-11 06:11:28.828075008,60948.0,Hold,0,0,10.000003674067557,2.2668041524520848
2024-05-11 06:11:28.828125952,60948.0,Hold,0,0,10.000003674067557,2.2668041524520848
2024-05-11 06:11:28.828177920,60948.0,Hold,0,0,10.000003674067557,2.2668041524520848
2024-05-11 06:11:28.828233984,60948.0,Hold,0,0,10.000003674067557,2.2668041524520848
2024-05-11 06:11:28.828290048,60948.0,Hold,0,0,10.000003674067557,2.2668041524520848
2024-05-11 06:11:28.828345088,60948.0,Hold,0,0,10.000003674067557,2.2668041524520848
2024-05-11 06:11:28.828399872,60948.0,Hold,0,0,10.000003674067557,2.2668041524520848
2024-05-11 06:11:28.828455936,60948.0,Hold,0,0,10.000003674067557,2.2668041524520848
2024-05-11 06:11:28.828770048,60948.0,Hold,0,0,10.000003674067557,2.2668041524520848
2024-05-11 06:11:28.828822016,60948.0,Hold,0,0,10.000003674067557,2.2668041524520848
2024-05-11 06:11:28.828872960,60948.0,Hold,0,0,10.000003674067557,2.2668041524520848
2024-05-11 06:11:29.336097024,60948.0,Hold,0,0,10.000003674067557,2.2668041524520848
2024-05-11 06:11:29.336997888,60948.0,Hold,0,0,10.000003674067557,2.2668041524520848
2024-05-11 06:11:29.337059072,60948.0,Hold,0,0,10.000003674067557,2.2668041524520848
2024-05-11 06:11:29.383383040,60948.01,Hold,0,0,10.000003674067557,2.2668041524520848
2024-05-11 06:11:29.550436864,60948.01,Hold,0,0,10.000003674067557,2.2668041524520848
2024-05-11 06:11:28.827572992,60948.0,Hold,0,0,10.000003674067557,2.2668041524520848
2024-05-11 06:11:28.827652096,60948.0,Hold,0,0,10.000003674067557,2.2668041524520848
2024-05-11 06:11:28.827706112,60948.0,Hold,0,0,10.000003674067557,2.2668041524520848
2024-05-11 06:11:28.827758080,60948.0,Hold,0,0,10.000003674067557,2.2668041524520848
2024-05-11 06:11:28.827809024,60948.0,Hold,0,0,10.000003674067557,2.2668041524520848
2024-05-11 06:11:28.827860224,60948.0,Hold,0,0,10.000003674067557,2.2668041524520848
2024-05-11 06:11:28.827912192,60948.0,Hold,0,0,10.000003674067557,2.2668041524520848
2024-05-11 06:11:28.827970048,60948.0,Hold,0,0,10.000003674067557,2.2668041524520848
2024-05-11 06:11:28.828023040,60948.0,Hold,0,0,10.000003674067557,2.2668041524520848
2024-05-11 06:11:28.828075008,60948.0,Hold,0,0,10.000003674067557,2.2668041524520848
2024-05-11 06:11:28.828125952,60948.0,Hold,0,0,10.000003674067557,2.2668041524520848
2024-05-11 06:11:28.828177920,60948.0,Hold,0,0,10.000003674067557,2.2668041524520848
2024-05-11 06:11:28.828233984,60948.0,Hold,0,0,10.000003674067557,2.2668041524520848
2024-05-11 06:11:28.828290048,60948.0,Hold,0,0,10.000003674067557,2.2668041524520848
2024-05-11 06:11:28.828345088,60948.0,Hold,0,0,10.000003674067557,2.2668041524520848
2024-05-11 06:11:28.828399872,60948.0,Hold,0,0,10.000003674067557,2.2668041524520848
2024-05-11 06:11:28.828455936,60948.0,Hold,0,0,10.000003674067557,2.2668041524520848
2024-05-11 06:11:28.828770048,60948.0,Hold,0,0,10.000003674067557,2.2668041524520848
2024-05-11 06:11:28.828822016,60948.0,Hold,0,0,10.000003674067557,2.2668041524520848
2024-05-11 06:11:28.828872960,60948.0,Hold,0,0,10.000003674067557,2.2668041524520848
2024-05-11 06:11:29.336097024,60948.0,Hold,0,0,10.000003674067557,2.2668041524520848
2024-05-11 06:11:29.336997888,60948.0,Hold,0,0,10.000003674067557,2.2668041524520848
2024-05-11 06:11:29.337059072,60948.0,Hold,0,0,10.000003674067557,2.2668041524520848
2024-05-11 06:11:29.383383040,60948.01,Hold,0,0,10.000003674067557,2.2668041524520848
2024-05-11 06:11:29.550436864,60948.01,Hold,0,0,10.000003674067557,2.2668041524520848
2024-05-11 06:11:30.881520896,60948.01,Hold,0,0,10.000003674067557,2.2668041524520848
2024-05-11 06:11:30.881600000,60948.01,Hold,0,0,10.000003674067557,2.2668041524520848
2024-05-11 06:11:30.881659904,60948.01,Hold,0,0,10.000003674067557,2.2668041524520848
2024-05-11 06:11:30.881520896,60948.01,Hold,0,0,10.000003674067557,2.2668041524520848
2024-05-11 06:11:30.881600000,60948.01,Hold,0,0,10.000003674067557,2.2668041524520848
2024-05-11 06:11:30.881659904,60948.01,Hold,0,0,10.000003674067557,2.2668041524520848
2024-05-11 06:11:32.902311168,60948.01,Hold,0,0,10.000003674067557,2.2668041524520848
2024-05-11 06:11:32.902393088,60948.01,Hold,0,0,10.000003674067557,2.2668041524520848
2024-05-11 06:11:33.489188864,60948.01,Hold,0,0,10.000003674067557,2.2668041524520848
2024-05-11 06:11:33.489272064,60948.01,Hold,0,0,10.000003674067557,2.2668041524520848
2024-05-11 06:11:33.845641984,60948.01,Hold,0,0,10.000003674067557,2.2668041524520848
2024-05-11 06:11:32.902311168,60948.01,Hold,0,0,10.000003674067557,2.2668041524520848
2024-05-11 06:11:32.902393088,60948.01,Hold,0,0,10.000003674067557,2.2668041524520848
2024-05-11 06:11:33.489188864,60948.01,Hold,0,0,10.000003674067557,2.2668041524520848
2024-05-11 06:11:33.489272064,60948.01,Hold,0,0,10.000003674067557,2.2668041524520848
2024-05-11 06:11:33.845641984,60948.01,Hold,0,0,10.000003674067557,2.2668041524520848
2024-05-11 06:11:35.598903040,60948.0,Hold,0,0,10.000003674067557,2.2668041524520848
2024-05-11 06:11:35.686717952,60948.01,Hold,0,0,10.000003674067557,2.2668041524520848
2024-05-11 06:11:35.598903040,60948.0,Hold,0,0,10.000003674067557,2.2668041524520848
2024-05-11 06:11:35.686717952,60948.01,Hold,0,0,10.000003674067557,2.2668041524520848
2024-05-11 06:11:36.920674048,60948.01,Hold,0,0,10.000003674067557,2.2668041524520848
2024-05-11 06:11:36.920743936,60948.01,Hold,0,0,10.000003674067557,2.2668041524520848
2024-05-11 06:11:37.545283072,60948.01,Hold,0,0,10.000003674067557,2.2668041524520848
2024-05-11 06:11:37.545355008,60948.01,Hold,0,0,10.000003674067557,2.2668041524520848
2024-05-11 06:11:36.920674048,60948.01,Hold,0,0,10.000003674067557,2.2668041524520848
2024-05-11 06:11:36.920743936,60948.01,Hold,0,0,10.000003674067557,2.2668041524520848
2024-05-11 06:11:37.545283072,60948.01,Hold,0,0,10.000003674067557,2.2668041524520848
2024-05-11 06:11:37.545355008,60948.01,Hold,0,0,10.000003674067557,2.2668041524520848
2024-05-11 06:11:38.970866944,60948.01,Hold,0,0,10.000003674067557,2.2668041524520848
2024-05-11 06:11:38.970866944,60948.01,Hold,0,0,10.000003674067557,2.2668041524520848
2024-05-11 06:11:41.830853888,60948.0,Hold,0,0,10.000003674067557,2.2668041524520848
2024-05-11 06:11:41.830853888,60948.0,Hold,0,0,10.000003674067557,2.2668041524520848
2024-05-11 06:11:43.620961792,60948.0,Hold,0,0,10.000003674067557,2.2668041524520848
2024-05-11 06:11:43.620961792,60948.0,Hold,0,0,10.000003674067557,2.2668041524520848
2024-05-11 06:11:44.392133888,60948.0,Hold,0,0,10.000003674067557,2.2668041524520848
2024-05-11 06:11:44.392211968,60948.01,Hold,0,0,10.000003674067557,2.2668041524520848
2024-05-11 06:11:44.392271104,60948.01,Hold,0,0,10.000003674067557,2.2668041524520848
2024-05-11 06:11:44.392331008,60948.0,Hold,0,0,10.000003674067557,2.2668041524520848
2024-05-11 06:11:44.392390912,60948.01,Hold,0,0,10.000003674067557,2.2668041524520848
2024-05-11 06:11:44.392450048,60948.0,Hold,0,0,10.000003674067557,2.2668041524520848
2024-05-11 06:11:44.994038016,60948.01,Hold,0,0,10.000003674067557,2.2668041524520848
2024-05-11 06:11:44.994118912,60948.01,Hold,0,0,10.000003674067557,2.2668041524520848
2024-05-11 06:11:44.994179072,60948.0,Hold,0,0,10.000003674067557,2.2668041524520848
2024-05-11 06:11:45.672314880,60948.0,Hold,0,0,10.000003674067557,2.2668041524520848
2024-05-11 06:11:46.029079040,60948.0,Hold,0,0,10.000003674067557,2.2668041524520848
2024-05-11 06:11:46.107398144,60948.01,Hold,0,0,10.000003674067557,2.2668041524520848
2024-05-11 06:11:44.392133888,60948.0,Hold,0,0,10.000003674067557,2.2668041524520848
2024-05-11 06:11:44.392211968,60948.01,Hold,0,0,10.000003674067557,2.2668041524520848
2024-05-11 06:11:44.392271104,60948.01,Hold,0,0,10.000003674067557,2.2668041524520848
2024-05-11 06:11:44.392331008,60948.0,Hold,0,0,10.000003674067557,2.2668041524520848
2024-05-11 06:11:44.392390912,60948.01,Hold,0,0,10.000003674067557,2.2668041524520848
2024-05-11 06:11:44.392450048,60948.0,Hold,0,0,10.000003674067557,2.2668041524520848
2024-05-11 06:11:44.994038016,60948.01,Hold,0,0,10.000003674067557,2.2668041524520848
2024-05-11 06:11:44.994118912,60948.01,Hold,0,0,10.000003674067557,2.2668041524520848
2024-05-11 06:11:44.994179072,60948.0,Hold,0,0,10.000003674067557,2.2668041524520848
2024-05-11 06:11:45.672314880,60948.0,Hold,0,0,10.000003674067557,2.2668041524520848
2024-05-11 06:11:46.029079040,60948.0,Hold,0,0,10.000003674067557,2.2668041524520848
2024-05-11 06:11:46.107398144,60948.01,Hold,0,0,10.000003674067557,2.2668041524520848
2024-05-11 06:11:48.284331008,60948.01,Hold,0,0,10.000003674067557,2.2668041524520848
2024-05-11 06:11:49.060020992,60948.0,Hold,0,0,10.000003674067557,2.2668041524520848
2024-05-11 06:11:49.060107008,60948.0,Hold,0,0,10.000003674067557,2.2668041524520848
2024-05-11 06:11:49.060172032,60948.0,Hold,0,0,10.000003674067557,2.2668041524520848
2024-05-11 06:11:49.817890048,60948.0,Hold,0,0,10.000003674067557,2.2668041524520848
2024-05-11 06:11:48.284331008,60948.01,Hold,0,0,10.000003674067557,2.2668041524520848
2024-05-11 06:11:49.060020992,60948.0,Hold,0,0,10.000003674067557,2.2668041524520848
2024-05-11 06:11:49.060107008,60948.0,Hold,0,0,10.000003674067557,2.2668041524520848
2024-05-11 06:11:49.060172032,60948.0,Hold,0,0,10.000003674067557,2.2668041524520848
2024-05-11 06:11:49.817890048,60948.0,Hold,0,0,10.000003674067557,2.2668041524520848
2024-05-11 06:11:51.089528064,60948.0,Hold,0,0,10.000003674067557,2.2668041524520848
2024-05-11 06:11:51.089528064,60948.0,Hold,0,0,10.000003674067557,2.2668041524520848
2024-05-11 06:11:53.117198080,60948.01,Hold,0,0,10.000003674067557,2.2668041524520848
2024-05-11 06:11:53.860517120,60948.0,Hold,0,0,10.000003674067557,2.2668041524520848
2024-05-11 06:11:53.117198080,60948.01,Hold,0,0,10.000003674067557,2.2668041524520848
2024-05-11 06:11:53.860517120,60948.0,Hold,0,0,10.000003674067557,2.2668041524520848
2024-05-11 06:11:55.837295104,60948.0,Hold,0,0,10.000003674067557,2.2668041524520848
2024-05-11 06:11:55.837363968,60948.0,Hold,0,0,10.000003674067557,2.2668041524520848
2024-05-11 06:11:55.873509888,60948.01,Hold,0,0,10.000003674067557,2.2668041524520848
2024-05-11 06:11:55.837295104,60948.0,Hold,0,0,10.000003674067557,2.2668041524520848
2024-05-11 06:11:55.837363968,60948.0,Hold,0,0,10.000003674067557,2.2668041524520848
2024-05-11 06:11:55.873509888,60948.01,Hold,0,0,10.000003674067557,2.2668041524520848
2024-05-11 06:11:56.340044032,60948.0,Hold,0,0,10.000003674067557,2.2668041524520848
2024-05-11 06:11:57.073868032,60948.01,Hold,0,0,10.000003674067557,2.2668041524520848
2024-05-11 06:11:57.073945088,60948.0,Hold,0,0,10.000003674067557,2.2668041524520848
2024-05-11 06:11:58.008230912,60948.01,Hold,0,0,10.000003674067557,2.2668041524520848
2024-05-11 06:11:56.340044032,60948.0,Hold,0,0,10.000003674067557,2.2668041524520848
2024-05-11 06:11:57.073868032,60948.01,Hold,0,0,10.000003674067557,2.2668041524520848
2024-05-11 06:11:57.073945088,60948.0,Hold,0,0,10.000003674067557,2.2668041524520848
2024-05-11 06:11:58.008230912,60948.01,Hold,0,0,10.000003674067557,2.2668041524520848
