,Timestamp,Open,High,Low,Close,Date,%K,%D,Slow %K,Slow %D,isLocalPeak,isLocalTrough,Label,Short_Moving_Avg,Long_Moving_Avg,RSI,MinutesSincePeak,MinutesSinceTrough,PriceChangeSincePeak,PriceChangeSinceTrough,FourierSignalSell,FourierSignalBuy,Short_Moving_Avg_1st_Deriv,Short_Moving_Avg_2nd_Deriv
0,2024-05-29 01:02:48,67750.85,67750.85,67750.85,67750.85,2024-05-29 01:02:48,76.81740125928654,53.40583858043002,76.81740125928654,76.81740125928654,False,False,Hold,67750.036,67749.236,68.26885502144704,0,0,0.0,0.0,False,False,-81.19999999908032,-20.000000076834112
1,2024-05-29 01:02:49,67750.85,67750.85,67750.85,67750.85,2024-05-29 01:02:49,76.81740125928654,53.40583858043002,76.81740125928654,76.81740125928654,False,False,Hold,67750.036,67749.236,68.26885502144704,0,0,0.0,0.0,False,False,-81.19999999908032,-20.000000076834112
2,2024-05-29 01:02:50,67750.84,67750.85,67750.84,67750.84,2024-05-29 01:02:50,76.81740125928654,53.40583858043002,76.81740125928654,76.81740125928654,False,True,Buy,67750.036,67749.236,68.26885502144704,0,0,0.0,0.0,False,False,-81.19999999908032,-20.000000076834112
3,2024-05-29 01:02:51,67750.85,67750.85,67750.85,67750.85,2024-05-29 01:02:51,76.81740125928654,53.40583858043002,76.81740125928654,76.81740125928654,True,False,Sell,67750.036,67749.236,68.26885502144704,0,1,0.0,0.010000000009313226,False,False,-81.19999999908032,-20.000000076834112
4,2024-05-29 01:02:52,67750.84,67750.84,67746.79,67746.79,2024-05-29 01:02:52,76.81740125928654,53.40583858043002,76.81740125928654,76.81740125928654,False,False,Hold,67750.036,67749.236,68.26885502144704,1,2,-0.010000000009313226,0.0,False,False,-81.19999999908032,-20.000000076834112
5,2024-05-29 01:02:53,67746.79,67746.79,67746.79,67746.79,2024-05-29 01:02:53,76.81740125928654,53.40583858043002,76.81740125928654,76.81740125928654,False,False,Hold,67749.224,67749.236,68.26885502144704,2,3,-4.060000000012224,-4.05000000000291,False,False,-81.19999999908032,-20.000000076834112
6,2024-05-29 01:02:54,67746.79,67746.79,67746.78,67746.78,2024-05-29 01:02:54,76.81740125928654,53.40583858043002,76.81740125928654,76.81740125928654,False,False,Hold,67748.41,67749.236,68.26885502144704,3,4,-4.060000000012224,-4.05000000000291,False,False,-81.39999999984866,-20.000000076834112
7,2024-05-29 01:02:55,67746.79,67746.79,67746.78,67746.78,2024-05-29 01:02:55,76.81740125928654,53.40583858043002,76.81740125928654,76.81740125928654,False,False,Hold,67747.598,67749.236,68.26885502144704,4,5,-4.060000000012224,-4.05000000000291,True,False,-81.20000000053551,19.99999993131496
8,2024-05-29 01:02:56,67746.79,67746.79,67746.78,67746.78,2024-05-29 01:02:56,76.81740125928654,53.40583858043002,76.81740125928654,76.81740125928654,False,False,Hold,67746.784,67749.236,68.26885502144704,5,6,-4.060000000012224,-4.05000000000291,True,True,-81.39999999984866,-19.99999993131496
9,2024-05-29 01:02:57,67746.78,67746.79,67746.78,67746.78,2024-05-29 01:02:57,76.81740125928654,53.40583858043002,76.81740125928654,76.81740125928654,False,False,Hold,67746.782,67749.236,68.26885502144704,6,7,-4.070000000006985,-4.059999999997672,False,True,-0.1999999993131496,8120.000000053551
10,2024-05-29 01:02:58,67746.79,67751.8,67746.79,67751.8,2024-05-29 01:02:58,76.81740125928654,53.40583858043002,76.81740125928654,76.81740125928654,False,False,Hold,67747.784,67749.236,68.26885502144704,7,8,-4.060000000012224,-4.05000000000291,True,False,100.19999999931315,10039.99999986263
11,2024-05-29 01:02:59,67751.79,67764.24,67751.79,67764.24,2024-05-29 01:02:59,76.81740125928654,53.40583858043002,76.81740125928654,76.81740125928654,True,False,Sell,67751.276,67749.236,68.26885502144704,0,9,0.0,0.9499999999970896,False,False,349.199999999837,24900.000000052387
12,2024-05-29 01:03:00,67764.24,67764.25,67764.24,67764.24,2024-05-29 01:03:00,76.81740125928654,53.40583858043002,76.81740125928654,76.81740125928654,False,False,Hold,67754.768,67749.236,68.26885502144704,1,10,12.450000000011642,13.400000000008731,True,False,349.199999999837,0.0
13,2024-05-29 01:03:01,67764.24,67764.24,67760.2,67760.2,2024-05-29 01:03:01,76.81740125928654,53.40583858043002,76.81740125928654,76.81740125928654,False,False,Hold,67757.452,67749.236,68.26885502144704,2,11,12.450000000011642,13.400000000008731,False,False,268.4000000008382,-8079.999999899883
14,2024-05-29 01:03:02,67760.2,67760.2,67757.28,67757.28,2024-05-29 01:03:02,60.10303377217688,53.40583858043002,71.24594543024999,74.96024931627436,False,False,Hold,67759.552,67749.236,61.276745001726326,3,12,8.410000000003492,9.360000000000582,False,False,209.99999999912689,-5840.0000001711305
15,2024-05-29 01:03:03,67757.28,67757.28,67750.85,67750.85,2024-05-29 01:03:03,23.297080709826638,53.40583858043002,53.405838580430014,67.15639508998885,False,False,Hold,67759.362,67749.236,50.0,4,13,5.490000000005239,6.440000000002328,False,False,-19.00000000023283,-22899.99999993597
16,2024-05-29 01:03:04,67749.7,67749.7,67744.0,67744.0,2024-05-29 01:03:04,0.0,27.80003816066784,27.80003816066784,50.817274057115945,False,True,Buy,67755.314,67749.236,41.814265198669304,5,0,-2.0899999999965075,0.0,False,True,-404.7999999995227,-38579.99999992899
17,2024-05-29 01:03:05,67744.01,67744.01,67744.0,67744.01,2024-05-29 01:03:05,0.04938271602351264,7.7821544752833836,7.7821544752833836,29.662677072127078,True,False,Sell,67751.26800000001,67749.236,41.81426519864903,0,1,0.0,-5.690000000002328,False,False,-404.59999999875436,20.000000076834112
18,2024-05-29 01:03:06,67744.01,67744.01,67734.0,67734.01,2024-05-29 01:03:06,0.03305785122235144,0.027480189081954695,0.027480189081954695,11.869890941677726,False,False,Hold,67746.03,67749.236,36.60938809723542,1,2,0.0,-5.690000000002328,False,False,-523.8000000012107,-11920.000000245636
19,2024-05-29 01:03:07,67734.0,67734.01,67730.0,67730.0,2024-05-29 01:03:07,0.0,0.027480189081954695,0.027480189081954695,2.6123716178157643,False,False,Hold,67740.574,67749.236,33.77150589600336,2,3,-10.009999999994761,-15.69999999999709,False,False,-545.6000000005588,-2179.9999999348074
20,2024-05-29 01:03:08,67729.99,67729.99,67720.6,67720.6,2024-05-29 01:03:08,0.0,0.011019283740783814,0.011019283740783814,0.021993220634897736,False,False,Hold,67734.524,67747.7235,28.583115183250158,3,4,-14.019999999989523,-19.70999999999185,False,False,-604.9999999988358,-5939.999999827705
21,2024-05-29 01:03:09,67720.0,67720.01,67720.0,67704.22255725192,2024-05-29 01:03:09,0.0,0.012815583743128701,0.0,0.012833157607579504,False,True,Buy,67726.56851145039,67745.3921278626,22.54267932013093,4,0,-24.00999999999476,0.0,False,False,-795.5488549618167,-19054.885496298084
22,2024-05-29 01:03:10,67720.0,67720.01,67720.0,67720.01,2024-05-29 01:03:10,0.0,0.012815583743128701,0.0,0.0036730945802612713,False,False,Hold,67721.76851145038,67743.85062786259,35.651480484955215,5,1,-24.00999999999476,0.0,False,True,-480.00000000029104,31554.885496152565
23,2024-05-29 01:03:11,67720.01,67720.01,67720.0,67720.01,2024-05-29 01:03:11,0.0,0.012815583743128701,0.0,0.0,True,False,Sell,67718.96851145038,67742.30862786259,35.651480484955215,0,2,0.0,0.0,False,False,-280.00000000029104,20000.0
24,2024-05-29 01:03:12,67720.01,67720.01,67720.0,67720.01,2024-05-29 01:03:12,0.0,0.012815583743128701,0.0,0.0,False,False,Hold,67716.97051145037,67740.96962786259,31.99170608939565,1,3,0.0,0.0,False,False,-199.80000000068685,8019.999999960419
25,2024-05-29 01:03:13,67720.01,67720.01,67720.0,67720.0,2024-05-29 01:03:13,0.0,0.012815583743128701,0.0,0.0,False,True,Buy,67716.85051145038,67739.63012786259,20.831366256721722,2,0,0.0,0.0,False,False,-11.999999999534339,18780.00000011525
26,2024-05-29 01:03:14,67720.0,67720.0,67720.0,67720.0,2024-05-29 01:03:14,0.0,0.012815583743128701,0.0,0.0,False,False,Hold,67720.006,67738.2911278626,20.831366256721722,3,1,-0.00999999999476131,-0.00999999999476131,False,False,315.54885496152565,32754.885496106
27,2024-05-29 01:03:15,67720.0,67720.01,67720.0,67720.01,2024-05-29 01:03:15,0.0,0.012815583743128701,0.0,0.0,True,False,Sell,67720.006,67736.9526278626,22.014439043864172,0,2,0.0,-0.00999999999476131,False,False,0.0,-31554.885496152565
28,2024-05-29 01:03:16,67720.0,67720.01,67720.0,67720.01,2024-05-29 01:03:16,0.0,0.012815583743128701,0.0,0.0,False,False,Hold,67720.00600000001,67735.61412786259,22.94762143278838,1,3,0.0,-0.00999999999476131,False,False,1.4551915228366852e-09,1.4551915228366852e-07
29,2024-05-29 01:03:17,67720.01,67720.01,67720.0,67720.0,2024-05-29 01:03:17,0.0,0.012815583743128701,0.0,0.0,False,True,Buy,67720.004,67734.2751278626,25.306126189954654,2,0,0.00999999999476131,0.0,False,False,-0.20000000076834112,-20.000000222353265
30,2024-05-29 01:03:18,67720.01,67720.01,67720.01,67720.01,2024-05-29 01:03:18,0.0,0.012815583743128701,0.0,0.0,True,False,Sell,67720.00600000001,67732.68562786261,28.43591066656633,0,1,0.0,0.0,False,False,0.20000000076834112,40.000000153668225
31,2024-05-29 01:03:19,67720.01,67720.01,67714.0,67714.0,2024-05-29 01:03:19,0.0,0.012815583743128701,0.0,0.0,False,False,Hold,67718.80600000001,67730.17362786259,25.651070376523265,1,2,0.0,0.0,False,False,-119.99999999970896,-12020.00000004773
32,2024-05-29 01:03:20,67714.0,67714.0,67711.67,67713.8,2024-05-29 01:03:20,0.0,0.012815583743128701,0.0,0.0,False,True,Buy,67717.564,67727.6516278626,30.501645294028037,2,0,-6.009999999994761,0.0,False,False,-124.20000000129221,-420.00000015832484
33,2024-05-29 01:03:21,67713.99,67714.0,67713.99,67714.0,2024-05-29 01:03:21,0.0,0.012815583743128701,0.0,0.0,True,False,Sell,67716.362,67725.3416278626,33.338500306020194,0,1,0.0,-0.00999999999476131,False,False,-120.2000000004773,400.0000000814907
34,2024-05-29 01:03:22,67713.98,67713.98,67709.1,67709.1,2024-05-29 01:03:22,0.0,0.012815583743128701,0.0,0.0,False,False,Hold,67714.182,67722.93262786258,36.78613091946819,1,2,-0.010000000009313226,-0.020000000004074536,False,False,-217.9999999993015,-9779.99999988242
35,2024-05-29 01:03:23,67706.79,67706.79,67700.0,67700.0,2024-05-29 01:03:23,0.0,0.012815583743128701,0.0,0.0,False,False,Hold,67710.18000000001,67720.3901278626,44.17376485244365,2,3,-7.2000000000116415,-7.210000000006403,False,False,-400.19999999931315,-18220.000000001164
36,2024-05-29 01:03:24,67700.0,67700.0,67694.0,67694.0,2024-05-29 01:03:24,0.0,0.012815583743128701,0.0,0.0,False,True,Buy,67706.18000000001,67717.8901278626,0.8317580339768682,3,0,-13.990000000005239,0.0,False,False,-400.0,19.99999993131496
37,2024-05-29 01:03:25,67694.01,67694.01,67694.0,67694.01,2024-05-29 01:03:25,0.0384467512293861,0.012815583743128701,0.012815583743128701,0.004271861247709567,True,False,Sell,67702.222,67715.3901278626,0.8692365834531302,0,1,0.0,-5.990000000005239,False,False,-395.80000000132713,419.99999986728653
38,2024-05-29 01:03:26,67694.0,67694.0,67694.0,67694.0,2024-05-29 01:03:26,0.0,0.012815583743128701,0.012815583743128701,0.008543722495419135,False,True,Buy,67698.222,67713.38962786259,0.8689081978909883,1,0,-0.00999999999476131,0.0,False,False,-400.0,-419.99999986728653
39,2024-05-29 01:03:27,67694.0,67694.01,67694.0,67694.01,2024-05-29 01:03:27,0.0384467512293861,0.025631167486257402,0.025631167486257402,0.01708744499083827,False,False,Hold,67695.204,67711.5901278626,0.9066868151738703,2,1,-0.00999999999476131,0.0,False,False,-301.7999999996391,9820.000000036089
40,2024-05-29 01:03:28,67694.01,67694.01,67694.0,67694.01,2024-05-29 01:03:28,0.0384467512293861,0.025631167486257402,0.025631167486257402,0.021359306238547832,True,False,Sell,67694.00600000001,67710.26062786259,0.9066868151738703,0,2,0.0,0.00999999999476131,False,False,-119.79999999894062,18200.00000006985
41,2024-05-29 01:03:29,67694.01,67694.01,67694.0,67694.01,2024-05-29 01:03:29,0.0384467512293861,0.0384467512293861,0.0384467512293861,0.02990302873396697,False,False,Hold,67694.008,67709.75,0.8692365834531302,1,3,0.0,0.00999999999476131,False,False,0.1999999993131496,11999.999999825377
42,2024-05-29 01:03:30,67694.01,67694.01,67694.0,67694.0,2024-05-29 01:03:30,0.0,0.025631167486257406,0.025631167486257406,0.02990302873396697,False,True,Buy,67694.006,67708.4495,0.8689081978909883,2,0,0.0,0.0,False,False,-0.20000000076834112,-40.00000000814907
43,2024-05-29 01:03:31,67694.01,67694.01,67694.0,67694.01,2024-05-29 01:03:31,0.0384467512293861,0.025631167486257402,0.025631167486257402,0.029903028733966972,True,False,Sell,67694.008,67707.1495,0.9066868151738703,0,1,0.0,0.0,False,False,0.20000000076834112,40.000000153668225
44,2024-05-29 01:03:32,67694.01,67694.01,67692.01,67692.01,2024-05-29 01:03:32,0.0,0.012815583743128701,0.012815583743128701,0.02135930623854784,False,True,Buy,67693.608,67705.7495,0.8081517919243595,1,0,0.0,0.0,False,False,-40.000000000873115,-4020.0000001641456
45,2024-05-29 01:03:33,67692.02,67692.02,67692.02,67692.02,2024-05-29 01:03:33,0.045475216049617295,0.02797398909300113,0.02797398909300113,0.02214024677412908,True,False,Sell,67693.21,67704.3505,1.0685663401199008,0,1,0.0,-1.9899999999906868,False,False,-39.79999999864958,20.000000222353265
46,2024-05-29 01:03:34,67692.01,67692.01,67692.01,67692.01,2024-05-29 01:03:34,0.0,0.015158405349872431,0.015158405349872431,0.018649326062000753,False,False,Hold,67692.81,67702.951,1.0776829815482785,1,2,-0.010000000009313226,-2.0,False,False,-40.000000000873115,-20.000000222353265
47,2024-05-29 01:03:35,67692.02,67692.02,67682.01,67683.03,2024-05-29 01:03:35,3.190491085405184,1.0786554338182672,1.0786554338182672,0.37392927608704696,False,False,Hold,67690.61600000001,67701.102,0.12882447663000107,2,3,0.0,-1.9899999999906868,False,False,-219.39999999885913,-17939.9999997986
48,2024-05-29 01:03:36,67683.03,67683.03,67683.02,67683.02,2024-05-29 01:03:36,4.0758676352274446,2.4221195735442094,2.4221195735442094,1.1719778042374498,False,False,Hold,67688.41799999999,67699.2525,0.1529051987523502,3,4,-8.990000000005239,-10.979999999995925,False,False,-219.800000001851,-40.00000029918738
49,2024-05-29 01:03:37,67683.02,67683.03,67683.02,67683.02,2024-05-29 01:03:37,5.614230127898939,4.293529616177189,4.293529616177189,2.5981015411798887,False,False,Hold,67686.62,67697.4035,0.23446658847385038,4,5,-9.0,-10.989999999990687,True,False,-179.7999999995227,4000.0000002328306
50,2024-05-29 01:03:38,67683.02,67683.02,67680.0,67680.0,2024-05-29 01:03:38,0.0,3.2300325877087936,3.2300325877087936,3.315227259143397,False,False,Hold,67684.21599999999,67695.403,0.2840909090457018,5,6,-9.0,-10.989999999990687,True,True,-240.4000000009546,-6060.000000143191
51,2024-05-29 01:03:39,67680.01,67680.01,67680.0,67680.0,2024-05-29 01:03:39,0.0,1.8714100426329796,1.8714100426329796,3.131657415506321,False,False,Hold,67681.814,67693.70300000001,0.2132196161965254,6,7,-12.010000000009313,-14.0,False,True,-240.19999999873107,20.000000222353265
52,2024-05-29 01:03:40,67680.01,67680.01,67680.0,67680.0,2024-05-29 01:03:40,0.0,0.0,0.0,1.700480876780591,False,False,Hold,67681.208,67692.013,0.21337126599459566,7,8,-12.010000000009313,-14.0,True,False,-60.59999999997672,17959.999999875436
53,2024-05-29 01:03:41,67680.01,67680.01,67680.0,67680.0,2024-05-29 01:03:41,0.0,0.0,0.0,0.6238033475443265,False,False,Hold,67680.604,67690.313,0.14234875447736783,8,9,-12.010000000009313,-14.0,False,True,-60.399999999208376,20.000000076834112
54,2024-05-29 01:03:42,67680.0,67680.01,67680.0,67680.0,2024-05-29 01:03:42,0.0,0.0,0.0,0.0,False,False,Hold,67680.0,67688.85800000001,0.14234875447736783,9,10,-12.020000000004075,-14.009999999994761,True,False,-60.40000000066357,-1.4551915228366852e-07
55,2024-05-29 01:03:43,67680.0,67680.01,67680.0,67680.01,2024-05-29 01:03:43,0.0713775874001788,0.023792529133392932,0.023792529133392932,0.00793084304446431,True,False,Sell,67680.00200000001,67687.8585,0.21337126599459566,0,11,0.0,-14.009999999994761,False,False,0.20000000076834112,6060.000000143191
56,2024-05-29 01:03:44,67680.01,67680.01,67680.0,67680.0,2024-05-29 01:03:44,0.0,0.023792529133392932,0.023792529133392932,0.01586168608892862,False,True,Buy,67680.00200000001,67687.15849999999,0.21337126599459566,1,0,0.00999999999476131,0.0,False,False,0.0,-20.000000076834112
57,2024-05-29 01:03:45,67680.0,67680.01,67680.0,67680.0,2024-05-29 01:03:45,0.0,0.023792529133392932,0.023792529133392932,0.023792529133392932,False,False,Hold,67680.00200000001,67686.45800000001,0.14234875447736783,2,1,0.0,-0.00999999999476131,False,False,0.0,0.0
58,2024-05-29 01:03:46,67680.0,67680.01,67680.0,67680.01,2024-05-29 01:03:46,0.08319467549715408,0.02773155849905136,0.02773155849905136,0.025105538921945742,True,False,Sell,67680.004,67685.7585,0.2487562188958634,0,2,0.0,-0.00999999999476131,False,False,0.1999999993131496,19.99999993131496
59,2024-05-29 01:03:47,67680.01,67680.01,67680.0,67680.01,2024-05-29 01:03:47,0.08319467549715408,0.05546311699810272,0.05546311699810272,0.035662401543515666,False,False,Hold,67680.00600000001,67685.0585,0.16597510364765355,1,3,0.00999999999476131,0.0,False,False,0.20000000076834112,1.4551915228366852e-07
60,2024-05-29 01:03:48,67680.0,67680.01,67680.0,67680.0,2024-05-29 01:03:48,0.0,0.05546311699810272,0.05546311699810272,0.0462192641650856,False,True,Buy,67680.004,67684.358,0.1659751036478525,2,0,0.0,0.0,False,False,-0.20000000076834112,-40.000000153668225
61,2024-05-29 01:03:49,67680.01,67680.01,67680.0,67680.0,2024-05-29 01:03:49,0.0,0.02773155849905136,0.02773155849905136,0.0462192641650856,False,False,Hold,67680.004,67683.6575,0.6514657977090081,3,1,0.00999999999476131,0.00999999999476131,False,False,0.0,20.000000076834112
62,2024-05-29 01:03:50,67680.01,67680.69,67680.01,67680.69,2024-05-29 01:03:50,22.772277227808363,7.590759075936121,7.590759075936121,2.5579845838110917,False,False,Hold,67680.14199999999,67682.992,18.933333333189495,4,2,0.00999999999476131,0.00999999999476131,False,False,13.799999999173451,1379.9999999173451
63,2024-05-29 01:03:51,67682.47,67683.38,67682.47,67683.38,2024-05-29 01:03:51,100.0,40.924092409269456,40.924092409269456,16.180861014568208,False,False,Hold,67680.81599999999,67682.4605,52.79503105591044,5,3,2.470000000001164,2.470000000001164,False,True,67.39999999990687,5360.000000073342
64,2024-05-29 01:03:52,67683.38,67683.39,67683.38,67683.38,2024-05-29 01:03:52,99.70501474941702,74.1590973257418,74.1590973257418,40.8913162703158,False,False,Hold,67681.48999999999,67682.02900000001,99.41520467866614,6,4,3.3800000000046566,3.3800000000046566,False,True,67.39999999990687,0.0
65,2024-05-29 01:03:53,67683.39,67688.0,67683.39,67688.0,2024-05-29 01:03:53,100.0,99.90167158313902,99.90167158313902,71.66162043938344,False,False,Hold,67683.09,67681.82800000001,99.75124378122419,7,5,3.389999999999418,3.389999999999418,True,False,160.00000000058208,9260.00000006752
66,2024-05-29 01:03:54,67688.0,67694.0,67688.0,67694.0,2024-05-29 01:03:54,100.0,99.90167158313902,99.90167158313902,91.32081349733994,False,False,Hold,67685.88999999998,67681.9275,99.85754985762426,8,6,8.0,8.0,True,True,279.99999999883585,11999.999999825377
67,2024-05-29 01:03:55,67694.0,67701.79,67694.0,67701.79,2024-05-29 01:03:55,100.0,100.0,100.0,99.93444772209268,False,False,Hold,67690.11000000002,67682.86549999999,99.9083829592783,9,7,14.0,14.0,False,False,422.0000000030268,14200.000000419095
68,2024-05-29 01:03:56,67701.79,67701.79,67701.79,67701.79,2024-05-29 01:03:56,100.0,100.0,100.0,99.96722386104635,False,False,Hold,67693.792,67683.80399999999,99.9083829592783,10,8,21.789999999993597,21.789999999993597,True,True,368.19999999861466,-5380.000000441214
69,2024-05-29 01:03:57,67701.79,67708.0,67701.79,67708.0,2024-05-29 01:03:57,100.0,100.0,100.0,100.0,True,False,Sell,67698.71599999999,67685.05299999999,99.92864787731169,0,9,0.0,21.789999999993597,False,False,492.3999999984517,12419.999999983702
70,2024-05-29 01:03:58,67707.99,67708.0,67707.99,67708.0,2024-05-29 01:03:58,100.0,100.0,100.0,100.0,False,False,Hold,67702.71599999999,67686.453,99.96431120629991,1,10,6.2000000000116415,27.99000000000524,True,False,400.0,-9239.999999845168
71,2024-05-29 01:03:59,67708.0,67708.0,67704.57,67704.58,2024-05-29 01:03:59,87.78571428572052,95.9285714285735,95.9285714285735,98.64285714285784,False,False,Hold,67704.832,67687.682,89.09033078882204,2,11,6.210000000006403,28.0,False,False,211.60000000090804,-18839.999999909196
72,2024-05-29 01:04:00,67704.57,67704.58,67689.78,67689.78,2024-05-29 01:04:00,34.928571428567274,74.23809523809594,74.23809523809594,90.0555555555565,False,False,Hold,67702.43,67688.171,60.56673155959867,3,12,2.7800000000133878,24.570000000006985,False,False,-240.20000000018626,-45180.00000010943
73,2024-05-29 01:04:01,67688.24,67688.24,67686.48,67686.48,2024-05-29 01:04:01,23.14285714284259,48.619047619043464,48.619047619043464,72.92857142857098,False,True,Buy,67699.36799999999,67688.495,56.531395114073604,4,0,-13.549999999988358,0.0,False,False,-306.2000000005355,-6600.000000034925
74,2024-05-29 01:04:02,67686.49,67686.49,67686.49,67686.49,2024-05-29 01:04:02,23.17857142859014,27.083333333333332,27.083333333333332,49.98015873015758,False,False,Hold,67695.066,67688.8195,56.55158489804511,5,1,-15.299999999988358,-1.75,False,True,-430.199999998149,-12399.999999761349
75,2024-05-29 01:04:03,67686.48,67686.49,67686.48,67686.49,2024-05-29 01:04:03,23.15112540196236,23.157517991131698,23.157517991131698,32.95329964783617,False,False,Hold,67690.764,67689.14349999999,56.55158489804511,6,2,-15.309999999997672,-1.7600000000093132,False,True,-430.2000000010594,-2.9103830456733704e-07
76,2024-05-29 01:04:04,67686.48,67686.49,67686.48,67686.49,2024-05-29 01:04:04,15.746180963588946,20.691959264713816,20.691959264713816,23.644270196392952,False,False,Hold,67687.146,67689.46800000001,55.93775593775757,7,3,-15.309999999997672,-1.7600000000093132,False,False,-361.8000000002212,6840.000000083819
77,2024-05-29 01:04:05,67686.48,67686.49,67686.48,67686.49,2024-05-29 01:04:05,12.632006498786232,17.176437621445846,17.176437621445846,20.341971625763794,False,False,Hold,67686.48800000001,67689.7925,53.36944745395449,8,4,-15.309999999997672,-1.7600000000093132,False,True,-65.79999999812571,29600.000000209548
78,2024-05-29 01:04:06,67686.49,67686.49,67686.48,67686.49,2024-05-29 01:04:06,12.596505485598323,13.658230982657834,13.658230982657834,17.17554262293917,False,False,Hold,67686.49,67690.1165,53.36944745395449,9,5,-15.299999999988358,-1.75,True,False,0.1999999993131496,6599.999999743886
79,2024-05-29 01:04:07,67686.49,67686.49,67686.49,67686.49,2024-05-29 01:04:07,0.04646840153025712,8.424993461971605,8.424993461971605,13.0865540220251,False,False,Hold,67686.49,67690.4405,48.182037081634626,10,6,-15.299999999988358,-1.75,True,True,0.0,-19.99999993131496
80,2024-05-29 01:04:08,67686.49,67689.87,67686.48,67689.87,2024-05-29 01:04:08,15.752788104083532,9.465253997070704,9.465253997070704,10.516159480566719,False,False,Hold,67687.166,67690.93400000001,44.69288100744758,11,7,-15.299999999988358,-1.75,False,False,67.59999999922002,6759.999999922002
81,2024-05-29 01:04:09,67689.87,67694.0,67689.87,67693.99,2024-05-29 01:04:09,34.897769516765294,16.89900867412636,16.89900867412636,11.596418711056229,False,False,Hold,67688.666,67691.63350000001,38.93303064701479,12,8,-11.919999999998254,1.6299999999901047,True,False,150.0,8240.000000077998
82,2024-05-29 01:04:10,67693.99,67694.0,67693.99,67694.0,2024-05-29 01:04:10,34.944237918227934,28.531598513025585,28.531598513025585,18.29862039474089,False,False,Hold,67690.16799999999,67692.299,38.95035460994272,13,9,-7.7999999999883585,5.75,False,False,150.19999999931315,19.99999993131496
83,2024-05-29 01:04:11,67694.0,67696.0,67694.0,67696.0,2024-05-29 01:04:11,44.23791821562394,38.02664188353906,38.02664188353906,27.819083023563675,False,False,Hold,67692.06999999999,67692.93000000001,30.67010309278858,14,10,-7.789999999993597,5.759999999994761,True,True,190.20000000018626,4000.0000000873115
84,2024-05-29 01:04:12,67695.99,67696.0,67695.99,67696.0,2024-05-29 01:04:12,44.23791821562394,41.1400247831586,41.1400247831586,35.89942172657442,False,False,Hold,67693.972,67693.561,30.67010309278858,15,11,-5.7999999999883585,7.75,False,False,190.20000000018626,0.0
85,2024-05-29 01:04:13,67696.0,67701.01,67696.0,67701.01,2024-05-29 01:04:13,80.2762430938904,56.25069317504609,56.25069317504609,45.13911994724791,True,False,Sell,67696.2,67694.2115,44.5295740116358,0,12,0.0,7.759999999994761,False,False,222.8000000002794,3260.000000009313
86,2024-05-29 01:04:14,67701.0,67701.0,67701.0,67701.0,2024-05-29 01:04:14,99.93117687546619,74.81511272832684,74.81511272832684,57.40194356217719,False,True,Buy,67697.602,67694.5615,81.44618834081659,1,0,5.0,0.0,False,False,140.20000000018626,-8260.000000009313
87,2024-05-29 01:04:15,67701.0,67709.34,67701.0,67709.34,2024-05-29 01:04:15,100.0,93.40247332311885,93.40247332311885,74.82275974216394,False,False,Hold,67700.67,67694.939,99.95629370631659,2,1,5.0,0.0,False,False,306.79999999993015,16659.99999997439
88,2024-05-29 01:04:16,67709.34,67709.34,67709.34,67709.34,2024-05-29 01:04:16,100.0,99.97705895848873,99.97705895848873,89.39821500331148,False,False,Hold,67703.338,67695.3165,99.95627459556287,3,2,13.339999999996508,8.339999999996508,False,False,266.8000000005122,-3999.9999999417923
89,2024-05-29 01:04:17,67709.4,67711.02,67709.4,67711.02,2024-05-29 01:04:17,100.0,100.0,100.0,97.79317742720252,False,False,Hold,67706.342,67695.4675,99.95926680246531,4,3,13.39999999999418,8.39999999999418,False,False,300.4000000000815,3359.9999999569263
90,2024-05-29 01:04:18,67711.02,67711.03,67711.02,67711.03,2024-05-29 01:04:18,100.0,100.0,100.0,99.99235298616293,False,False,Hold,67708.34599999999,67695.619,99.95928338764345,5,4,15.020000000004075,10.020000000004075,False,True,200.3999999986263,-10000.00000014552
91,2024-05-29 01:04:19,67711.03,67714.0,67711.02,67714.0,2024-05-29 01:04:19,100.0,100.0,100.0,100.0,False,False,Hold,67710.946,67696.09,99.96367598984828,6,5,15.029999999998836,10.029999999998836,True,True,260.0000000005821,5960.000000195578
92,2024-05-29 01:04:20,67714.31,67720.0,67714.31,67720.0,2024-05-29 01:04:20,100.0,100.0,100.0,100.0,False,False,Hold,67713.07800000001,67697.601,99.97017596184084,7,6,18.30999999999767,13.309999999997672,True,False,213.200000001234,-4679.999999934807
93,2024-05-29 01:04:21,67719.99,67720.17,67719.99,67720.17,2024-05-29 01:04:21,100.0,100.0,100.0,100.0,True,False,Sell,67715.24399999999,67699.2855,99.97032640951107,0,7,0.0,18.99000000000524,False,False,216.5999999982887,339.99999970546924
94,2024-05-29 01:04:22,67720.17,67720.17,67720.16,67720.16,2024-05-29 01:04:22,99.96699669968726,99.98899889989575,99.98899889989575,99.99633296663193,False,True,Buy,67717.072,67700.969,99.9340586878024,1,0,0.17999999999301508,0.0,False,False,182.80000000086147,-3379.999999742722
95,2024-05-29 01:04:23,67720.16,67722.09,67720.16,67722.09,2024-05-29 01:04:23,100.0,99.98899889989575,99.98899889989575,99.99266593326384,False,False,Hold,67719.28400000001,67702.749,99.9289267946356,2,1,0.16999999999825377,-0.00999999999476131,False,False,221.20000000140863,3840.000000054715
96,2024-05-29 01:04:24,67722.08,67722.1,67722.08,67722.1,2024-05-29 01:04:24,100.0,99.98899889989575,99.98899889989575,99.98899889989575,False,False,Hold,67720.90400000001,67704.5295,99.92892679463563,3,2,2.0899999999965075,1.9100000000034925,False,False,161.99999999953434,-5920.000000187429
97,2024-05-29 01:04:25,67722.68,67723.39,67722.68,67723.39,2024-05-29 01:04:25,100.0,100.0,100.0,99.99266593326384,False,False,Hold,67721.58200000001,67706.3745,99.92708713091675,4,3,2.6899999999877764,2.5099999999947613,False,False,67.79999999998836,-9419.999999954598
98,2024-05-29 01:04:26,67723.39,67733.98,67723.39,67733.98,2024-05-29 01:04:26,100.0,100.0,100.0,99.99633296663193,False,False,Hold,67724.344,67708.749,99.94739610733946,5,4,3.3999999999941792,3.220000000001164,False,True,276.1999999987893,20839.999999880092
99,2024-05-29 01:04:27,67734.0,67734.0,67733.99,67733.99,2024-05-29 01:04:27,99.96969696971284,99.98989898990426,99.98989898990426,99.99663299663477,False,False,Hold,67727.11,67711.124,99.93943064812377,6,5,14.009999999994761,13.830000000001746,True,True,276.60000000032596,40.000000153668225
100,2024-05-29 01:04:28,67734.0,67734.0,67734.0,67734.0,2024-05-29 01:04:28,100.0,99.98989898990426,99.98989898990426,99.99326599326952,True,False,Sell,67729.492,67713.3305,99.9697153240619,0,6,0.0,13.830000000001746,True,False,238.1999999997788,-3840.000000054715
101,2024-05-29 01:04:29,67734.0,67734.0,67733.99,67733.99,2024-05-29 01:04:29,99.95944849961573,99.97638182310952,99.97638182310952,99.98539326763937,False,False,Hold,67731.87,67715.3305,99.91899554479735,1,7,0.0,13.830000000001746,False,False,237.79999999969732,-40.00000000814907
102,2024-05-29 01:04:30,67733.99,67733.99,67726.57,67726.57,2024-05-29 01:04:30,69.79674796751522,89.91873215571032,89.91873215571032,96.62833765624138,False,False,Hold,67732.50600000001,67716.959,76.8296480847368,2,8,-0.00999999999476131,13.820000000006985,True,False,63.60000000131549,-17419.999999838183
103,2024-05-29 01:04:31,67726.57,67726.57,67716.42,67716.43,2024-05-29 01:04:31,23.54221061788468,64.43280236167188,64.43280236167188,84.77597211349725,False,False,Hold,67728.996,67717.98049999999,56.667488291828874,3,9,-7.429999999993015,6.400000000008731,False,False,-351.0000000009313,-41460.00000022468
104,2024-05-29 01:04:32,67716.42,67716.42,67716.42,67716.42,2024-05-29 01:04:32,23.498694516950117,38.94588436745,38.94588436745,64.43247296161074,False,False,Hold,67725.482,67719.0015,56.64283953660392,4,10,-17.580000000001746,-3.75,True,False,-351.3999999995576,-39.99999986262992
105,2024-05-29 01:04:33,67716.43,67716.43,67716.42,67716.42,2024-05-29 01:04:33,10.716099542916874,19.252334892583885,19.252334892583885,40.87700720723526,False,False,Hold,67721.966,67719.772,53.21808510638141,5,11,-17.570000000006985,-3.7400000000052387,False,True,-351.60000000032596,-20.000000076834112
106,2024-05-29 01:04:34,67716.42,67716.42,67712.38,67712.38,2024-05-29 01:04:34,0.0,11.404931353288992,11.404931353288992,23.201050204440964,False,False,Hold,67717.644,67720.34099999999,39.3097643097663,6,12,-17.580000000001746,-3.75,False,True,-432.20000000001164,-8059.999999968568
107,2024-05-29 01:04:35,67712.37,67712.37,67711.02,67711.02,2024-05-29 01:04:35,0.0,3.5720331809722867,3.5720331809722867,11.40976647561506,False,False,Hold,67714.53400000001,67720.425,37.578061363022854,7,13,-21.630000000004657,-7.80000000000291,False,False,-310.999999998603,12120.000000140863
108,2024-05-29 01:04:36,67711.02,67711.02,67704.0,67704.01,2024-05-29 01:04:36,0.03333333331587104,0.011111111105285608,0.011111111105285608,4.996025215122192,False,False,Hold,67712.05,67720.15849999999,31.57654574491434,8,14,-22.979999999995925,-9.14999999999418,True,True,-248.40000000112923,6259.999999747379
109,2024-05-29 01:04:37,67704.0,67704.01,67704.0,67704.0,2024-05-29 01:04:37,0.0,0.011111111105285608,0.011111111105285608,1.1980851343942907,False,False,Hold,67709.56599999999,67719.8075,28.41803865426509,9,15,-30.0,-16.169999999998254,False,False,-248.40000000112923,0.0
110,2024-05-29 01:04:38,67701.69,67701.7,67694.02,67694.02,2024-05-29 01:04:38,0.0,0.011111111105285608,0.011111111105285608,0.011111111105285608,False,False,Hold,67705.086,67718.957,22.937548188119592,10,16,-32.30999999999767,-18.479999999995925,False,True,-447.99999999959255,-19959.99999984633
111,2024-05-29 01:04:39,67694.01,67694.01,67684.0,67684.0,2024-05-29 01:04:39,0.0,0.0,0.0,0.007407407403528477,False,True,Buy,67699.41,67717.457,17.505362151460957,11,0,-39.99000000000524,0.0,False,False,-567.59999999922,-11959.999999962747
112,2024-05-29 01:04:40,67684.01,67684.01,67684.0,67684.0,2024-05-29 01:04:40,0.0,0.0,0.0,0.0037037037017666062,False,False,Hold,67694.006,67715.65699999999,0.0399840064055752,12,1,-49.99000000000524,-10.0,False,False,-540.4000000009546,2719.999999826541
113,2024-05-29 01:04:41,67684.01,67684.01,67684.01,67684.01,2024-05-29 01:04:41,0.01999999998952262,0.00666666666316947,0.00666666666316947,0.002222222221061227,False,False,Hold,67690.00600000001,67713.849,0.03998400637648558,13,2,-49.99000000000524,-10.0,False,False,-399.9999999985448,14040.00000024098
114,2024-05-29 01:04:42,67684.01,67696.79,67684.01,67696.79,2024-05-29 01:04:42,25.579999999987194,8.533333333325567,8.533333333325567,2.8466666666629172,False,False,Hold,67688.564,67712.68049999999,20.369485586868763,14,3,-49.99000000000524,-10.0,False,True,-144.20000000100117,25579.999999754364
115,2024-05-29 01:04:43,67699.01,67699.02,67699.01,67699.01,2024-05-29 01:04:43,30.02600520102658,18.54200173366776,18.54200173366776,9.027333911218838,False,False,Hold,67689.562,67711.5265,23.092307692299627,15,4,-34.99000000000524,5.0,False,False,99.80000000068685,24400.000000168802
116,2024-05-29 01:04:44,67699.01,67699.02,67699.01,67699.01,2024-05-29 01:04:44,35.2595724688567,30.28852588995682,30.28852588995682,19.121286985650055,False,False,Hold,67692.564,67710.372,26.06807919415475,16,5,-34.99000000000524,5.0,True,False,300.19999999931315,20039.99999986263
117,2024-05-29 01:04:45,67699.01,67699.02,67699.01,67699.02,2024-05-29 01:04:45,46.31514030221187,37.20023932403171,37.20023932403171,28.676922315885435,True,False,Sell,67695.568,67709.1535,31.654373024246567,0,6,0.0,5.0,True,False,300.4000000000815,20.000000076834112
118,2024-05-29 01:04:46,67699.02,67699.02,67699.01,67699.01,2024-05-29 01:04:46,46.28430465617636,42.61967247574831,42.61967247574831,36.70281256324562,False,False,Hold,67698.568,67707.405,31.65437302423686,1,7,0.010000000009313226,5.010000000009313,False,False,300.0,-40.00000000814907
119,2024-05-29 01:04:47,67699.01,67699.01,67699.01,67699.01,2024-05-29 01:04:47,46.29858112275006,46.299342027046094,46.299342027046094,42.039751275608715,False,True,Buy,67699.012,67705.656,31.65437302423686,2,0,0.0,0.0,False,False,44.40000000031432,-25559.999999968568
120,2024-05-29 01:04:48,67699.01,67699.01,67699.01,67699.01,2024-05-29 01:04:48,52.90800140993029,48.49696239628557,48.49696239628557,45.80532563302666,False,False,Hold,67699.012,67703.90650000001,34.600322506329945,3,1,0.0,0.0,False,False,0.0,-4440.000000031432
121,2024-05-29 01:04:49,67699.02,67699.02,67699.02,67699.02,2024-05-29 01:04:49,55.58845299778612,51.59834517682216,51.59834517682216,48.79821653338462,True,False,Sell,67699.014,67702.15800000001,35.73466476463105,0,2,0.0,0.010000000009313226,False,False,0.1999999993131496,19.99999993131496
122,2024-05-29 01:04:50,67699.01,67699.02,67699.01,67699.01,2024-05-29 01:04:50,75.0124937531169,61.169649386944435,61.169649386944435,53.75498565335073,False,False,Hold,67699.01199999999,67700.78,42.86936679977727,1,3,-0.010000000009313226,0.0,False,False,-0.20000000076834112,-40.00000000814907
123,2024-05-29 01:04:51,67699.02,67699.02,67699.01,67699.01,2024-05-29 01:04:51,84.80225988699,71.80106887929766,71.80106887929766,61.52302114768809,False,False,Hold,67699.012,67699.90900000001,42.88159771754539,2,4,0.0,0.010000000009313226,False,False,1.4551915228366852e-09,20.000000222353265
124,2024-05-29 01:04:52,67699.01,67699.02,67699.0,67699.01,2024-05-29 01:04:52,99.93342210379953,86.58272524796881,86.58272524796881,73.18448117140365,False,False,Hold,67699.012,67699.0385,59.95213402469784,3,5,-0.010000000009313226,0.0,True,False,0.0,-1.4551915228366852e-07
125,2024-05-29 01:04:53,67699.01,67699.01,67699.0,67699.0,2024-05-29 01:04:53,99.86684420769595,94.86750873282848,94.86750873282848,84.417100953365,False,True,Buy,67699.01,67698.1675,99.80079681266047,4,0,-0.010000000009313226,0.0,False,False,-0.20000000076834112,-20.000000076834112
126,2024-05-29 01:04:54,67699.01,67699.01,67699.01,67699.01,2024-05-29 01:04:54,99.93337774810588,99.9112146865338,99.9112146865338,93.78714955577703,False,False,Hold,67699.008,67697.49899999998,99.80092899792074,5,1,-0.010000000009313226,0.0,False,True,-0.1999999993131496,1.4551915228366852e-07
127,2024-05-29 01:04:55,67699.01,67699.01,67699.0,67699.01,2024-05-29 01:04:55,99.93337774810588,99.91119990130257,99.91119990130257,98.22997444022161,True,False,Sell,67699.008,67696.8985,99.80079681266047,0,2,0.0,0.0,False,False,0.0,19.99999993131496
128,2024-05-29 01:04:56,67699.01,67699.01,67699.01,67699.01,2024-05-29 01:04:56,49.99999996362021,83.28891848661067,83.28891848661067,94.37044435814902,False,False,Hold,67699.008,67696.6485,98.68421052574473,1,3,0.0,0.0,False,False,0.0,0.0
129,2024-05-29 01:04:57,67699.01,67699.01,67699.0,67699.0,2024-05-29 01:04:57,0.0,49.97779257057537,49.97779257057537,77.7259703194962,False,True,Buy,67699.006,67696.3985,42.857142863082416,2,0,0.0,0.0,False,False,-0.20000000076834112,-20.000000076834112
130,2024-05-29 01:04:58,67699.01,67699.01,67699.0,67699.0,2024-05-29 01:04:58,0.0,16.66666665454007,16.66666665454007,49.97779257057537,False,False,Hold,67699.006,67696.64749999999,42.857142863082416,3,1,0.0,0.0,False,False,0.0,20.000000076834112
131,2024-05-29 01:04:59,67699.01,67699.01,67699.0,67699.01,2024-05-29 01:04:59,49.99999996362021,16.66666665454007,16.66666665454007,27.770375293218503,False,False,Hold,67699.00600000001,67697.398,42.8571428512033,4,2,0.0,0.0,False,False,1.4551915228366852e-09,1.4551915228366852e-07
132,2024-05-29 01:05:00,67699.0,67699.01,67699.0,67699.01,2024-05-29 01:05:00,49.99999996362021,33.33333330908014,33.33333330908014,22.222222206053427,True,False,Sell,67699.00600000001,67698.1485,50.0,0,3,0.0,-0.00999999999476131,False,False,0.0,-1.4551915228366852e-07
133,2024-05-29 01:05:01,67699.01,67699.01,67699.01,67699.01,2024-05-29 01:05:01,49.99999996362021,49.99999996362021,49.99999996362021,33.33333330908014,False,False,Hold,67699.006,67698.8985,50.0,1,4,0.00999999999476131,0.0,False,False,-1.4551915228366852e-09,-1.4551915228366852e-07
134,2024-05-29 01:05:02,67699.01,67699.01,67699.0,67699.0,2024-05-29 01:05:02,0.0,33.33333330908014,33.33333330908014,38.88888886059349,False,True,Buy,67699.006,67699.00899999999,42.85714286011264,2,0,0.00999999999476131,0.0,False,False,0.0,1.4551915228366852e-07
135,2024-05-29 01:05:03,67699.01,67699.01,67699.01,67699.01,2024-05-29 01:05:03,49.99999996362021,33.33333330908014,33.33333330908014,38.8888888605935,False,False,Hold,67699.008,67699.00899999999,42.85714284823352,3,1,0.00999999999476131,0.0,False,False,0.20000000076834112,20.000000076834112
136,2024-05-29 01:05:04,67699.01,67699.01,67699.01,67699.01,2024-05-29 01:05:04,49.99999996362021,33.33333330908014,33.33333330908014,33.33333330908014,True,False,Sell,67699.008,67699.00899999999,50.0,0,2,0.0,0.0,False,False,0.0,-20.000000076834112
137,2024-05-29 01:05:05,67699.01,67699.01,67699.01,67699.01,2024-05-29 01:05:05,49.99999996362021,49.99999996362021,49.99999996362021,38.888888860593504,False,False,Hold,67699.008,67699.0085,50.0,1,3,0.0,0.0,False,False,0.0,0.0
138,2024-05-29 01:05:06,67699.0,67699.0,67699.0,67699.0,2024-05-29 01:05:06,0.0,33.33333330908014,33.33333330908014,38.8888888605935,False,True,Buy,67699.00600000001,67699.008,42.857142857142854,2,0,-0.00999999999476131,0.0,False,False,-0.1999999993131496,-19.99999993131496
139,2024-05-29 01:05:07,67699.0,67699.01,67699.0,67699.01,2024-05-29 01:05:07,100.0,49.9999999878734,49.9999999878734,44.444444420191246,True,False,Sell,67699.008,67699.008,57.14285714285714,0,1,0.0,0.0,False,False,0.1999999993131496,39.99999986262992
140,2024-05-29 01:05:08,67699.0,67699.01,67694.22,67694.22,2024-05-29 01:05:08,0.0,33.333333333333336,33.333333333333336,38.88888887676229,False,False,Hold,67698.05,67698.76849999999,0.6185567007117072,1,2,0.0,0.0,False,False,-95.79999999987194,-9599.99999991851
141,2024-05-29 01:05:09,67694.2,67694.2,67694.19,67694.2,2024-05-29 01:05:09,0.20746887955968898,33.402489626519895,33.402489626519895,38.911940982575544,False,True,Buy,67697.08799999999,67698.5275,0.616016426786274,2,0,-4.80000000000291,0.0,False,False,-96.20000000140863,-40.000000153668225
142,2024-05-29 01:05:10,67694.2,67694.2,67694.2,67694.2,2024-05-29 01:05:10,0.20746887955968898,0.138312586373126,0.138312586373126,22.29137851540879,False,False,Hold,67696.12599999999,67698.28699999998,0.616016426786274,3,1,-4.80000000000291,0.0,False,False,-96.19999999995343,1.4551915228366852e-07
143,2024-05-29 01:05:11,67694.2,67713.99,67694.2,67713.99,2024-05-29 01:05:11,100.0,33.47164591970646,33.47164591970646,22.337482710866492,False,False,Hold,67699.124,67699.036,80.40567951322035,4,2,-4.80000000000291,0.0,False,False,299.80000000068685,39600.00000006403
144,2024-05-29 01:05:12,67714.0,67720.0,67713.99,67720.0,2024-05-29 01:05:12,100.0,66.73582295985324,66.73582295985324,33.4485938219776,True,False,Sell,67703.322,67700.0855,84.24657534249437,0,3,0.0,19.80000000000291,False,False,419.8000000003958,11999.999999970896
145,2024-05-29 01:05:13,67719.99,67719.99,67713.04,67713.04,2024-05-29 01:05:13,73.0337078651413,91.0112359550471,91.0112359550471,63.73956827820226,False,False,Hold,67707.086,67700.7875,68.65195426748744,1,4,5.990000000005239,25.79000000000815,False,False,376.3999999995576,-4340.000000083819
146,2024-05-29 01:05:14,67713.05,67713.05,67713.04,67713.04,2024-05-29 01:05:14,73.0337078651413,82.02247191009421,82.02247191009421,79.92317694166485,False,True,Buy,67710.85399999999,67701.489,68.65195426748744,2,0,-0.9499999999970896,0.0,False,False,376.7999999996391,40.00000000814907
147,2024-05-29 01:05:15,67713.05,67713.05,67713.04,67713.04,2024-05-29 01:05:15,73.0337078651413,73.0337078651413,73.0337078651413,82.02247191009421,False,False,Hold,67714.622,67702.1905,68.65195426748744,3,1,-0.9499999999970896,0.0,False,False,376.8000000010943,1.4551915228366852e-07
148,2024-05-29 01:05:16,67713.05,67725.72,67713.05,67725.71,2024-05-29 01:05:16,99.96828417381934,82.01189996803397,82.01189996803397,79.0226932477565,False,False,Hold,67716.966,67703.5255,76.56654068033045,4,2,-0.9499999999970896,0.0,False,False,234.39999999973224,-14240.000000136206
149,2024-05-29 01:05:17,67725.71,67725.71,67725.71,67725.71,2024-05-29 01:05:17,99.96828417381934,90.99009207092665,90.99009207092665,82.01189996803397,False,False,Hold,67718.108,67704.861,76.56187823319408,5,3,11.710000000006403,12.660000000003492,False,True,114.19999999925494,-12020.00000004773
150,2024-05-29 01:05:18,67725.72,67725.72,67725.71,67725.71,2024-05-29 01:05:18,99.96828417381934,99.96828417381934,99.96828417381934,90.99009207092665,False,False,Hold,67720.64199999999,67706.19649999999,76.56187823319408,6,4,11.720000000001164,12.669999999998254,False,True,253.39999999996508,13920.000000071013
151,2024-05-29 01:05:19,67725.71,67725.72,67725.71,67725.71,2024-05-29 01:05:19,99.96828417381934,99.96828417381934,99.96828417381934,96.97555347285511,False,False,Hold,67723.176,67707.53150000001,76.56187823319408,7,5,11.710000000006403,12.660000000003492,True,False,253.40000000142027,1.4551915228366852e-07
152,2024-05-29 01:05:20,67725.71,67725.71,67725.71,67725.71,2024-05-29 01:05:20,99.96828417381934,99.96828417381934,99.96828417381934,99.96828417381934,False,False,Hold,67725.71,67708.8665,76.57711442785937,8,6,11.710000000006403,12.660000000003492,True,True,253.39999999996508,-1.4551915228366852e-07
153,2024-05-29 01:05:21,67725.71,67725.72,67725.71,67725.71,2024-05-29 01:05:21,99.96828417381934,99.96828417381934,99.96828417381934,99.96828417381934,False,False,Hold,67725.71,67710.2015,76.57245222930048,9,7,11.710000000006403,12.660000000003492,False,False,0.0,-25339.999999996508
154,2024-05-29 01:05:22,67725.72,67725.72,67725.71,67725.71,2024-05-29 01:05:22,99.96828417381934,99.96828417381934,99.96828417381934,99.96828417381934,False,False,Hold,67725.71,67711.537,84.64246424641044,10,8,11.720000000001164,12.669999999998254,True,True,0.0,0.0
155,2024-05-29 01:05:23,67725.71,67725.71,67717.31,67717.31,2024-05-29 01:05:23,73.3185279187741,91.08503208880427,91.08503208880427,97.00720014548098,False,False,Hold,67724.03,67712.452,71.46572543190354,11,9,11.710000000006403,12.660000000003492,False,False,-168.0000000007567,-16800.00000007567
156,2024-05-29 01:05:24,67717.31,67717.31,67713.04,67713.04,2024-05-29 01:05:24,59.7715736040421,77.68612856554518,77.68612856554518,89.57981494272292,False,False,Hold,67721.49600000001,67713.1535,66.21342512907503,12,10,3.3099999999976717,4.259999999994761,True,False,-253.39999999850988,-8539.999999775318
157,2024-05-29 01:05:25,67712.01,67712.01,67704.0,67704.0,2024-05-29 01:05:25,0.0,44.36336717427207,44.36336717427207,71.04484260954051,False,False,Hold,67717.15400000001,67713.403,39.45089757127673,13,11,-1.9900000000052387,-1.040000000008149,False,False,-434.2000000004191,-18080.00000019092
158,2024-05-29 01:05:26,67704.0,67704.0,67698.62,67698.63,2024-05-29 01:05:26,0.036900369038048254,19.936157991026718,19.936157991026718,47.32855124361466,False,False,Hold,67711.738,67713.3845,27.12481267396086,14,12,-10.0,-9.05000000000291,False,True,-541.6000000011991,-10740.000000077998
159,2024-05-29 01:05:27,67698.62,67698.63,67698.62,67698.63,2024-05-29 01:05:27,0.036900369038048254,0.024600246025365504,0.024600246025365504,21.441375137108054,False,False,Hold,67706.322,67713.3655,31.87421383649854,15,13,-15.380000000004657,-14.430000000007567,False,False,-541.5999999997439,1.4551915228366852e-07
160,2024-05-29 01:05:28,67698.62,67698.63,67698.62,67698.62,2024-05-29 01:05:28,0.0,0.024600246025365504,0.024600246025365504,6.661786161025816,False,False,Hold,67702.584,67713.5855,31.866197183111666,16,14,-15.380000000004657,-14.430000000007567,True,False,-373.7999999997555,16779.999999998836
161,2024-05-29 01:05:29,67698.63,67698.63,67698.62,67698.62,2024-05-29 01:05:29,0.0,0.012300123012682752,0.012300123012682752,0.020500205021137922,False,False,Hold,67699.7,67713.8065,31.866197183111666,17,15,-15.369999999995343,-14.419999999998254,False,False,-288.40000000054715,8539.999999920838
162,2024-05-29 01:05:30,67698.63,67698.63,67698.62,67698.62,2024-05-29 01:05:30,0.0,0.0,0.0,0.012300123012682754,False,False,Hold,67698.624,67714.0275,0.0,18,16,-15.369999999995343,-14.419999999998254,False,False,-107.60000000009313,18080.000000045402
163,2024-05-29 01:05:31,67698.63,67698.63,67698.62,67698.62,2024-05-29 01:05:31,0.0,0.0,0.0,0.004100041004227584,False,False,Hold,67698.622,67713.259,0.0,19,17,-15.369999999995343,-14.419999999998254,False,False,-0.1999999993131496,10740.000000077998
164,2024-05-29 01:05:32,67698.62,67699.31,67698.62,67699.3,2024-05-29 01:05:32,2.509225092278306,0.8364083640927688,0.8364083640927688,0.2788027880309229,False,False,Hold,67698.756,67712.224,2.448685632002565,20,18,-15.380000000004657,-14.430000000007567,False,False,13.39999999909196,1359.999999840511
165,2024-05-29 01:05:33,67699.3,67699.3,67699.3,67699.3,2024-05-29 01:05:33,2.509225092278306,1.6728167281855375,1.6728167281855375,0.8364083640927688,False,False,Hold,67698.89199999999,67711.537,2.448685632002565,21,19,-14.69999999999709,-13.75,False,False,13.599999999860302,20.000000076834112
166,2024-05-29 01:05:34,67699.31,67699.31,67699.3,67699.3,2024-05-29 01:05:34,2.509225092278306,2.509225092278306,2.509225092278306,1.6728167281855377,False,False,Hold,67699.028,67710.85,2.448685632002565,22,20,-14.690000000002328,-13.740000000005239,False,False,13.600000001315493,1.4551915228366852e-07
167,2024-05-29 01:05:35,67699.3,67699.3,67699.3,67699.3,2024-05-29 01:05:35,2.509225092278306,2.509225092278306,2.509225092278306,2.230422304247383,False,False,Hold,67699.164,67710.163,2.448685632002565,23,21,-14.69999999999709,-13.75,False,False,13.599999999860302,-1.4551915228366852e-07
168,2024-05-29 01:05:36,67699.31,67699.31,67699.3,67699.3,2024-05-29 01:05:36,2.510151347387558,2.5095338439813903,2.5095338439813903,2.509328009512668,False,False,Hold,67699.3,67708.8425,2.448685632002565,24,22,-14.690000000002328,-13.740000000005239,False,False,13.599999999860302,0.0
169,2024-05-29 01:05:37,67699.3,67699.3,67698.6,67698.6,2024-05-29 01:05:37,0.0,1.6731254798886213,1.6731254798886213,2.230628138716106,False,False,Hold,67699.16,67707.487,3.3881415047699477,25,23,-14.69999999999709,-13.75,False,False,-13.999999999941792,-2759.9999999802094
170,2024-05-29 01:05:38,67696.14,67696.14,67680.0,67680.01,2024-05-29 01:05:38,0.031240237409443757,0.8471305282656671,0.8471305282656671,1.6765966173785598,False,False,Hold,67695.302,67705.202,1.977318988099114,26,24,-17.860000000000582,-16.910000000003492,False,False,-385.80000000074506,-37180.00000008033
171,2024-05-29 01:05:39,67680.01,67680.01,67680.0,67680.01,2024-05-29 01:05:39,0.04166666664483879,0.024302301351427514,0.024302301351427514,0.8481861031685721,False,False,Hold,67691.44399999999,67702.91699999999,2.682445759396529,27,25,-33.99000000000524,-33.04000000000815,False,False,-385.80000000074506,0.0
172,2024-05-29 01:05:40,67680.01,67680.01,67680.01,67680.01,2024-05-29 01:05:40,0.051786639020002675,0.04156451435809507,0.04156451435809507,0.30433244799173004,False,False,Hold,67687.586,67700.632,3.403403403437011,28,26,-33.99000000000524,-33.04000000000815,False,False,-385.79999999928987,1.4551915228366852e-07
173,2024-05-29 01:05:41,67680.01,67680.01,67680.0,67680.0,2024-05-29 01:05:41,0.0,0.031151101888280488,0.031151101888280488,0.03233930586593451,False,False,Hold,67683.726,67698.3465,3.4017008504597044,29,27,-33.99000000000524,-33.04000000000815,False,False,-386.0000000000582,-20.000000076834112
174,2024-05-29 01:05:42,67680.0,67680.01,67679.99,67679.99,2024-05-29 01:05:42,0.0,0.017262213006667557,0.017262213006667557,0.02999260975101452,False,False,Hold,67680.004,67696.06049999999,3.401700850462177,30,28,-34.0,-33.05000000000291,False,False,-372.19999999942956,1380.0000000628643
175,2024-05-29 01:05:43,67679.0,67679.0,67674.38,67674.38,2024-05-29 01:05:43,0.0,0.0,0.0,0.016137771631649495,False,False,Hold,67678.878,67693.914,2.6562500000289617,31,29,-35.0,-34.05000000000291,False,False,-112.60000000038417,25959.99999990454
176,2024-05-29 01:05:44,67674.37,67674.38,67674.37,67674.38,2024-05-29 01:05:44,0.04009623099162908,0.013365410330543026,0.013365410330543026,0.010209207779070343,False,False,Hold,67677.75200000001,67691.981,2.6562500000289617,32,30,-39.63000000000466,-38.68000000000757,False,False,-112.59999999892898,1.4551915228366852e-07
177,2024-05-29 01:05:45,67674.38,67674.38,67674.37,67674.37,2024-05-29 01:05:45,0.0,0.013365410330543026,0.013365410330543026,0.008910273553695499,False,True,Buy,67676.624,67690.4995,2.6552128075250607,33,0,-39.61999999999534,0.0,False,False,-112.80000000115251,-20.000000222353265
178,2024-05-29 01:05:46,67674.37,67674.38,67674.37,67674.38,2024-05-29 01:05:46,0.04009623099162908,0.026730820661086053,0.026730820661086053,0.01782054710739085,True,False,Sell,67675.5,67689.287,0.040096230991593984,0,1,0.0,-0.010000000009313226,False,False,-112.39999999961583,40.000000153668225
179,2024-05-29 01:05:47,67674.38,67674.38,67674.37,67674.38,2024-05-29 01:05:47,0.04009623099162908,0.026730820661086053,0.026730820661086053,0.022275683884238524,False,False,Hold,67674.378,67688.0745,0.040096230991593984,1,2,0.010000000009313226,0.0,False,False,-112.20000000030268,19.99999993131496
180,2024-05-29 01:05:48,67674.38,67674.38,67674.37,67674.37,2024-05-29 01:05:48,0.0,0.026730820661086053,0.026730820661086053,0.026730820661086053,False,True,Buy,67674.376,67686.862,0.04008016035793105,2,0,0.010000000009313226,0.0,False,False,-0.1999999993131496,11200.000000098953
181,2024-05-29 01:05:49,67674.38,67674.38,67674.37,67674.37,2024-05-29 01:05:49,0.0,0.013365410330543026,0.013365410330543026,0.022275683884238524,False,False,Hold,67674.374,67685.6495,0.04008016035793105,3,1,0.010000000009313226,0.0,False,False,-0.20000000076834112,-1.4551915228366852e-07
182,2024-05-29 01:05:50,67674.38,67674.38,67674.37,67674.38,2024-05-29 01:05:50,0.04011231451789086,0.01337077150596362,0.01337077150596362,0.017822334165864383,False,False,Hold,67674.376,67684.4375,0.08012820520271191,4,2,0.010000000009313226,0.0,False,False,0.20000000076834112,40.000000153668225
183,2024-05-29 01:05:51,67674.38,67674.38,67674.37,67674.38,2024-05-29 01:05:51,0.04593477266564701,0.028682362394512623,0.028682362394512623,0.01847284807700657,False,False,Hold,67674.376,67683.2255,0.08244023090929886,5,3,0.010000000009313226,0.0,False,True,0.0,-20.000000076834112
184,2024-05-29 01:05:52,67674.38,67674.38,67674.38,67674.38,2024-05-29 01:05:52,0.1773049647041535,0.08778401729589713,0.08778401729589713,0.04327905039879127,False,False,Hold,67674.376,67681.97949999999,0.35273368639383307,6,4,0.010000000009313226,0.0,False,True,0.0,0.0
185,2024-05-29 01:05:53,67674.38,67674.38,67674.38,67674.38,2024-05-29 01:05:53,0.1773049647041535,0.133514900691318,0.133514900691318,0.08332709346057605,False,False,Hold,67674.378,67680.7335,0.35273368639383307,7,5,0.010000000009313226,0.0,True,False,0.1999999993131496,19.99999993131496
186,2024-05-29 01:05:54,67674.37,67674.38,67674.37,67674.38,2024-05-29 01:05:54,0.1773049647041535,0.1773049647041535,0.1773049647041535,0.13286796089712302,False,False,Hold,67674.38,67679.4875,0.35273368639383307,8,6,0.0,-0.010000000009313226,True,True,0.20000000076834112,1.4551915228366852e-07
187,2024-05-29 01:05:55,67674.37,67674.38,67674.37,67704.22255725192,2024-05-29 01:05:55,100.0,99.96545768563279,33.4515366431361,11.254118836177192,True,False,Sell,67680.34851145039,67679.7336278626,84.11382042147422,0,7,0.0,-0.010000000009313226,False,False,596.8511450380902,59665.114503732184
188,2024-05-29 01:05:56,67674.37,67674.38,67674.37,67674.38,2024-05-29 01:05:56,100.0,99.96545768563279,66.72576832156805,33.4515366431361,False,False,Hold,67680.34851145039,67678.48762786259,45.706749699147025,1,8,0.0,-0.010000000009313226,True,False,0.0,-59685.11450380902
189,2024-05-29 01:05:57,67674.38,67674.38,67674.38,67674.38,2024-05-29 01:05:57,100.0,99.96545768563279,100.0,66.72576832156805,False,False,Hold,67680.34851145039,67677.27662786261,50.0,2,9,0.0,0.0,False,False,0.0,0.0
190,2024-05-29 01:05:58,67674.38,67674.38,67674.38,67674.38,2024-05-29 01:05:58,100.0,99.96545768563279,100.0,88.90858944052269,False,False,Hold,67680.34851145039,67676.9951278626,50.0,3,10,0.0,0.0,True,False,0.0,0.0
191,2024-05-29 01:05:59,67674.38,67674.38,67674.37,67674.38,2024-05-29 01:05:59,100.0,99.96545768563279,100.0,100.0,False,False,Hold,67680.34851145039,67676.7136278626,50.00837308953721,4,11,0.0,0.0,False,False,0.0,0.0
192,2024-05-29 01:06:00,67674.37,67674.38,67674.37,67674.38,2024-05-29 01:06:00,100.0,99.96545768563279,100.0,100.0,False,False,Hold,67674.38,67676.4321278626,50.0,5,12,0.0,-0.010000000009313226,False,True,-596.8511450380902,-59685.11450380902
193,2024-05-29 01:06:01,67674.38,67674.38,67674.38,67674.38,2024-05-29 01:06:01,100.0,99.96545768563279,100.0,100.0,False,False,Hold,67674.38,67676.1511278626,50.0,6,13,0.0,0.0,False,True,0.0,59685.11450380902
194,2024-05-29 01:06:02,67674.37,67674.37,67674.37,67674.37,2024-05-29 01:06:02,100.0,99.96545768563279,100.0,100.0,False,True,Buy,67674.378,67675.8701278626,50.0,7,0,0.0,0.0,False,False,-0.20000000076834112,-20.000000076834112
195,2024-05-29 01:06:03,67674.37,67674.38,67674.37,67674.38,2024-05-29 01:06:03,100.0,99.96545768563279,100.0,100.0,False,False,Hold,67674.378,67675.8701278626,50.00837308953721,8,1,0.0,0.0,False,True,0.0,20.000000076834112
196,2024-05-29 01:06:04,67674.38,67680.0,67674.38,67680.0,2024-05-29 01:06:04,100.0,99.96545768563279,100.0,100.0,False,False,Hold,67675.50200000001,67676.1511278626,54.30156153776351,9,2,0.0,0.010000000009313226,False,False,112.40000000107102,11240.000000107102
197,2024-05-29 01:06:05,67680.0,67680.0,67680.0,67680.0,2024-05-29 01:06:05,100.0,99.96545768563279,100.0,100.0,False,False,Hold,67676.626,67676.4326278626,54.30156153776351,10,3,0.0,5.630000000004657,False,True,112.39999999961583,-1.4551915228366852e-07
198,2024-05-29 01:06:06,67680.01,67680.01,67680.0,67680.01,2024-05-29 01:06:06,100.0,99.96545768563279,100.0,100.0,True,False,Sell,67677.75200000001,67676.71412786261,54.30855600601926,0,4,0.0,5.639999999999418,False,False,112.60000000038417,20.000000076834112
199,2024-05-29 01:06:07,67680.01,67680.01,67680.0,67680.0,2024-05-29 01:06:07,100.0,99.96545768563279,100.0,100.0,False,True,Buy,67678.878,67676.9951278626,54.30024497062053,1,0,0.0,0.0,False,False,112.59999999892898,-1.4551915228366852e-07
200,2024-05-29 01:06:08,67680.01,67684.02,67680.0,67684.02,2024-05-29 01:06:08,100.0,99.96545768563279,100.0,100.0,True,False,Sell,67680.80600000001,67677.47762786261,56.94873789869183,0,1,0.0,0.0,False,False,192.80000000144355,8020.000000251457
201,2024-05-29 01:06:09,67684.01,67684.02,67684.01,67684.02,2024-05-29 01:06:09,100.0,99.96545768563279,100.0,100.0,False,False,Hold,67681.61,67677.9601278626,24.441738267157774,1,2,4.0,4.0,False,False,80.39999999891734,-11240.000000252621
202,2024-05-29 01:06:10,67684.02,67684.02,67684.01,67684.01,2024-05-29 01:06:10,99.8963730568984,99.96545768563279,99.96545768563281,99.98848589521094,False,True,Buy,67682.412,67678.4416278626,99.69040247664256,2,0,4.010000000009313,0.0,False,False,80.19999999960419,-19.99999993131496
203,2024-05-29 01:06:11,67684.02,67684.02,67684.01,67684.02,2024-05-29 01:06:11,100.0,99.96545768563279,99.96545768563281,99.97697179042187,True,False,Sell,67683.214,67678.92362786259,99.69072164934735,0,1,0.0,0.0,False,False,80.20000000105938,1.4551915228366852e-07
204,2024-05-29 01:06:12,67684.02,67684.02,67684.0,67684.0,2024-05-29 01:06:12,99.7927461139476,99.89637305694866,99.89637305694868,99.94242947607142,False,False,Hold,67684.014,67679.40462786259,99.48559670764088,1,2,0.0,0.0,False,False,79.99999999883585,-20.000000222353265
205,2024-05-29 01:06:13,67680.07,67680.08,67680.07,67680.08,2024-05-29 01:06:13,59.170984455971364,86.32124352330634,86.32124352330631,95.39435808862926,False,True,Buy,67683.226,67679.6896278626,70.89442815243831,2,0,-3.9499999999970896,0.0,False,False,-78.80000000004657,-15879.999999888241
206,2024-05-29 01:06:14,67680.08,67680.76,67680.07,67680.76,2024-05-29 01:06:14,66.21761658024494,75.06044905005463,75.06044905005463,87.09268854343652,False,False,Hold,67682.574,67680.0086278626,72.2765363127811,3,1,-3.9400000000023283,0.00999999999476131,False,False,-65.20000000018626,1359.9999999860302
207,2024-05-29 01:06:15,67684.02,67687.4,67684.02,67687.4,2024-05-29 01:06:15,100.0,75.12953367873877,75.12953367873877,78.83707541736656,False,False,Hold,67683.25200000001,67679.1675,81.05916030528746,4,2,0.0,3.9499999999970896,False,False,67.80000000144355,13300.000000162981
208,2024-05-29 01:06:16,67687.39,67693.54,67687.39,67693.54,2024-05-29 01:06:16,100.0,88.73920552674831,88.73920552674831,79.64306275184724,False,False,Hold,67685.15599999999,67680.1255,85.38205980064679,5,3,3.3699999999953434,7.319999999992433,False,True,190.39999999804422,12259.999999660067
209,2024-05-29 01:06:17,67693.54,67694.67,67693.54,67694.67,2024-05-29 01:06:17,100.0,100.0,100.0,87.95624640182903,True,False,Sell,67687.29,67681.14,85.96242467208258,0,4,0.0,13.469999999986612,False,False,213.40000000054715,2300.000000250293
210,2024-05-29 01:06:18,67694.66,67694.67,67694.66,67694.67,2024-05-29 01:06:18,100.0,100.0,100.0,96.24640184224944,False,False,Hold,67690.20800000001,67682.1545,82.47011952189258,1,5,1.1200000000098953,14.589999999996508,True,False,291.8000000019674,7840.000000142027
211,2024-05-29 01:06:19,67694.67,67694.67,67694.66,67694.66,2024-05-29 01:06:19,99.93183367420066,99.97727789140022,99.97727789140022,99.99242596380007,False,True,Buy,67692.988,67683.1685,82.43362831858344,2,0,1.1300000000046566,0.0,False,False,277.9999999984284,-1380.0000003539026
212,2024-05-29 01:06:20,67694.66,67694.67,67694.66,67694.67,2024-05-29 01:06:20,100.0,99.97727789140022,99.97727789140022,99.98485192760013,False,False,Hold,67694.442,67684.183,82.43362831858344,3,1,1.1200000000098953,-0.00999999999476131,False,False,145.39999999979045,-13259.999999863794
213,2024-05-29 01:06:21,67694.66,67701.0,67694.66,67701.0,2024-05-29 01:06:21,100.0,99.97727789140022,99.97727789140022,99.97727789140022,False,False,Hold,67695.934,67685.514,86.30705394189263,4,2,1.1200000000098953,-0.00999999999476131,False,False,149.19999999983702,380.0000000046566
214,2024-05-29 01:06:22,67702.45,67707.07,67702.45,67707.07,2024-05-29 01:06:22,100.0,100.0,100.0,99.98485192760016,False,False,Hold,67698.414,67687.149,87.21343235387667,5,3,8.910000000003492,7.779999999998836,False,True,248.00000000104774,9880.000000121072
215,2024-05-29 01:06:23,67707.99,67708.0,67707.99,67708.0,2024-05-29 01:06:23,100.0,100.0,100.0,99.99242596380007,True,False,Sell,67701.08,67688.82999999999,87.58620689653505,0,4,0.0,13.320000000006985,False,False,266.5999999997439,1859.9999998696148
216,2024-05-29 01:06:24,67707.99,67708.0,67707.99,67707.99,2024-05-29 01:06:24,99.96419620481646,99.98806540160548,99.98806540160548,99.99602180053516,False,False,Hold,67703.746,67690.22949999999,87.586206896575,1,5,0.0,13.320000000006985,True,False,266.5999999997439,0.0
217,2024-05-29 01:06:25,67708.0,67708.0,67707.99,67707.99,2024-05-29 01:06:25,99.96419620481646,99.97613080321098,99.97613080321098,99.98806540160548,False,True,Buy,67706.41,67691.62899999999,87.58231420509962,2,0,0.00999999999476131,0.0,False,False,266.40000000043074,-19.99999993131496
218,2024-05-29 01:06:26,67707.99,67707.99,67707.99,67707.99,2024-05-29 01:06:26,99.96419620481646,99.96419620481646,99.96419620481646,99.97613080321098,False,False,Hold,67707.808,67693.028,87.6372764355502,3,1,0.0,-0.00999999999476131,False,False,139.80000000010477,-12660.000000032596
219,2024-05-29 01:06:27,67708.0,67708.0,67708.0,67708.0,2024-05-29 01:06:27,100.0,99.97613080321098,99.97613080321098,99.97215260374612,True,False,Sell,67707.994,67694.428,99.92846924181137,0,2,0.0,0.0,False,False,18.60000000015134,-12119.999999995343
220,2024-05-29 01:06:28,67707.99,67707.99,67707.99,67707.99,2024-05-29 01:06:28,99.95829858217363,99.97416492899669,99.97416492899669,99.97149731234136,False,True,Buy,67707.992,67695.6265,99.89006962262988,1,0,-0.00999999999476131,0.0,False,False,-0.20000000076834112,-1880.000000091968
221,2024-05-29 01:06:29,67708.0,67708.0,67707.99,67708.0,2024-05-29 01:06:29,100.0,99.9860995273912,99.9860995273912,99.97879841986628,True,False,Sell,67707.99399999999,67696.8255,99.85479186842052,0,1,0.0,0.00999999999476131,False,False,0.1999999993131496,40.00000000814907
222,2024-05-29 01:06:30,67707.99,67707.99,67707.99,67707.99,2024-05-29 01:06:30,99.93084370681358,99.96304742966238,99.96304742966238,99.97443729535009,False,False,Hold,67707.99399999999,67698.0245,99.72470750186422,1,2,-0.00999999999476131,0.0,False,False,0.0,-19.99999993131496
223,2024-05-29 01:06:31,67708.0,67708.0,67707.99,67707.99,2024-05-29 01:06:31,99.92503748129862,99.9519603960374,99.9519603960374,99.96703578436366,False,True,Buy,67707.994,67699.22300000001,99.70149253746904,2,0,0.0,0.0,False,False,1.4551915228366852e-09,1.4551915228366852e-07
224,2024-05-29 01:06:32,67708.0,67708.0,67707.99,67707.99,2024-05-29 01:06:32,99.92503748129862,99.92697288980361,99.92697288980361,99.9473269051678,False,False,Hold,67707.992,67700.42250000002,99.70149253746904,3,1,0.0,0.0,False,False,-0.20000000076834112,-20.000000222353265
225,2024-05-29 01:06:33,67708.0,67708.0,67708.0,67708.0,2024-05-29 01:06:33,100.0,99.9500249875324,99.9500249875324,99.94298609112447,True,False,Sell,67707.994,67701.81850000001,99.77611940310177,0,2,0.0,0.0,False,False,0.20000000076834112,40.000000153668225
226,2024-05-29 01:06:34,67707.99,67708.0,67707.99,67708.0,2024-05-29 01:06:34,100.0,99.97501249376622,99.97501249376622,99.95067012370073,False,False,Hold,67707.994,67703.1805,99.77595220325354,1,3,-0.00999999999476131,-0.00999999999476131,False,False,0.0,-20.000000076834112
227,2024-05-29 01:06:35,67708.0,67708.0,67707.99,67707.99,2024-05-29 01:06:35,99.8198198199143,99.93993993997144,99.93993993997144,99.95499247375669,False,True,Buy,67707.99399999999,67704.21,99.43422913749289,2,0,0.0,0.0,False,False,-1.4551915228366852e-09,-1.4551915228366852e-07
228,2024-05-29 01:06:36,67707.99,67708.0,67707.99,67707.99,2024-05-29 01:06:36,0.0,66.6066066066381,66.6066066066381,88.84051968012524,False,False,Hold,67707.99399999999,67704.93250000001,96.00000000192085,3,1,-0.00999999999476131,-0.00999999999476131,False,False,0.0,1.4551915228366852e-07
229,2024-05-29 01:06:37,67707.99,67708.0,67707.99,67708.0,2024-05-29 01:06:37,100.0,66.6066066066381,66.6066066066381,77.71771771774921,False,False,Hold,67707.996,67705.599,50.0,4,2,-0.00999999999476131,-0.00999999999476131,False,False,0.20000000076834112,20.000000076834112
230,2024-05-29 01:06:38,67707.99,67708.0,67707.99,67708.0,2024-05-29 01:06:38,100.0,66.66666666666667,66.66666666666667,66.62662662664762,False,False,Hold,67707.996,67706.26550000001,57.14285714285714,5,3,-0.00999999999476131,-0.00999999999476131,False,True,0.0,-20.000000076834112
231,2024-05-29 01:06:39,67707.99,67708.0,67707.99,67708.0,2024-05-29 01:06:39,100.0,100.0,100.0,77.75775775776826,False,False,Hold,67707.996,67706.93250000001,57.14285714285714,6,4,-0.00999999999476131,-0.00999999999476131,False,True,0.0,0.0
232,2024-05-29 01:06:40,67707.99,67708.0,67707.99,67708.0,2024-05-29 01:06:40,100.0,100.0,100.0,88.8888888888889,False,False,Hold,67707.99799999999,67707.599,57.14285714285714,7,5,-0.00999999999476131,-0.00999999999476131,True,False,0.1999999993131496,19.99999993131496
233,2024-05-29 01:06:41,67707.99,67708.0,67707.99,67707.99,2024-05-29 01:06:41,0.0,66.66666666666667,66.66666666666667,88.88888888888887,False,True,Buy,67707.998,67707.9485,42.857142857142854,8,0,-0.00999999999476131,0.0,False,True,1.4551915228366852e-09,-19.999999785795808
234,2024-05-29 01:06:42,67707.99,67708.0,67707.99,67708.0,2024-05-29 01:06:42,100.0,66.66666666666667,66.66666666666667,77.77777777777777,True,False,Sell,67707.99799999999,67707.99500000001,57.14285714285714,0,1,0.0,0.0,False,False,-1.4551915228366852e-09,-2.9103830456733704e-07
235,2024-05-29 01:06:43,67708.0,67708.0,67707.99,67707.99,2024-05-29 01:06:43,0.0,33.333333333333336,33.333333333333336,55.55555555555555,False,True,Buy,67707.996,67707.9945,42.857142857142854,1,0,0.00999999999476131,0.0,False,False,-0.1999999993131496,-19.999999785795808
236,2024-05-29 01:06:44,67708.0,67708.0,67708.0,67708.0,2024-05-29 01:06:44,100.0,66.66666666666667,66.66666666666667,55.555555555555564,False,False,Hold,67707.996,67707.99500000001,57.14285714285714,2,1,0.00999999999476131,0.0,False,False,0.0,19.99999993131496
237,2024-05-29 01:06:45,67708.0,67713.75,67708.0,67713.74,2024-05-29 01:06:45,99.82638888897968,66.60879629632656,66.60879629632656,55.536265432108856,False,False,Hold,67709.144,67708.2825,99.48364888150695,3,2,0.00999999999476131,0.0,False,False,114.80000000010477,11480.000000010477
238,2024-05-29 01:06:46,67713.74,67713.75,67713.74,67713.75,2024-05-29 01:06:46,100.0,99.9421296296599,99.9421296296599,77.73919753088438,True,False,Sell,67710.296,67708.5705,99.48453608274102,0,3,0.0,5.740000000005239,False,False,115.20000000018626,40.00000000814907
239,2024-05-29 01:06:47,67713.74,67713.74,67713.74,67713.74,2024-05-29 01:06:47,99.82638888897968,99.88425925931979,99.88425925931979,88.8117283951021,False,True,Buy,67711.44399999999,67708.85750000001,99.31271477698802,1,0,0.0,0.0,False,False,114.79999999864958,-40.000000153668225
240,2024-05-29 01:06:48,67713.75,67713.75,67713.75,67713.75,2024-05-29 01:06:48,100.0,99.94212962965987,99.94212962965987,99.92283950621321,True,False,Sell,67712.59599999999,67709.1455,99.31389365387079,0,1,0.0,0.00999999999476131,False,False,115.20000000018626,40.000000153668225
241,2024-05-29 01:06:49,67713.74,67713.75,67713.74,67713.75,2024-05-29 01:06:49,100.0,99.94212962965987,99.94212962965987,99.92283950621318,False,False,Hold,67713.746,67709.43299999999,99.48453608274102,1,2,-0.00999999999476131,0.0,False,False,115.00000000087311,-19.99999993131496
242,2024-05-29 01:06:50,67713.74,67713.74,67709.33,67709.33,2024-05-29 01:06:50,23.263888888849415,74.42129629628313,74.42129629628313,91.43518518520096,False,True,Buy,67712.864,67709.5,56.542968750007496,2,0,-0.00999999999476131,0.0,False,False,-88.19999999977881,-20320.000000065193
243,2024-05-29 01:06:51,67709.34,67709.34,67709.34,67709.34,2024-05-29 01:06:51,23.437499999869733,48.90046296290638,48.90046296290638,74.42129629628313,True,False,Sell,67711.982,67709.56749999999,56.542968750007496,0,1,0.0,-4.400000000008731,False,False,-88.19999999977881,0.0
244,2024-05-29 01:06:52,67709.34,67709.34,67709.34,67709.34,2024-05-29 01:06:52,23.437499999869733,23.379629629529628,23.379629629529628,48.90046296290638,False,False,Hold,67711.102,67709.635,56.542968750007496,1,2,0.0,-4.400000000008731,False,False,-88.00000000046566,19.99999993131496
245,2024-05-29 01:06:53,67709.34,67709.34,67709.33,67709.33,2024-05-29 01:06:53,23.263888888849415,23.379629629529628,23.379629629529628,31.88657407398855,False,True,Buy,67710.21800000001,67709.7015,56.48780487808493,2,0,0.0,0.0,False,False,-88.39999999909196,-39.99999986262992
246,2024-05-29 01:06:54,67709.33,67709.34,67709.33,67709.34,2024-05-29 01:06:54,23.437499999869733,23.379629629529628,23.379629629529628,23.379629629529628,False,False,Hold,67709.33599999998,67709.76849999999,56.53021442496536,3,1,-0.00999999999476131,-0.00999999999476131,False,False,-88.2000000026892,19.999999640276656
247,2024-05-29 01:06:55,67709.34,67709.34,67709.34,67709.34,2024-05-29 01:06:55,23.437499999869733,23.379629629529628,23.379629629529628,23.379629629529628,False,False,Hold,67709.338,67709.836,56.58536585364399,4,2,0.0,0.0,False,False,0.20000000222353265,8840.000000491273
248,2024-05-29 01:06:56,67709.33,67709.34,67709.33,67709.34,2024-05-29 01:06:56,23.437499999869733,23.437499999869733,23.437499999869733,23.398919752976337,False,False,Hold,67709.33799999999,67709.9035,56.542968750007496,5,3,-0.00999999999476131,-0.00999999999476131,False,True,-1.4551915228366852e-09,-20.000000367872417
249,2024-05-29 01:06:57,67709.33,67709.34,67709.33,67709.34,2024-05-29 01:06:57,23.30434782602622,23.393115941921895,23.393115941921895,23.403415190440423,False,False,Hold,67709.338,67709.9705,56.59824046918693,6,4,-0.00999999999476131,-0.00999999999476131,False,True,1.4551915228366852e-09,2.9103830456733704e-07
250,2024-05-29 01:06:58,67709.33,67713.99,67709.33,67713.99,2024-05-29 01:06:58,100.0,48.91394927529865,48.91394927529865,31.914855072363434,False,False,Hold,67710.26999999999,67710.26999999999,70.14122394086408,7,5,-0.00999999999476131,-0.00999999999476131,True,False,93.19999999861466,9319.999999715947
251,2024-05-29 01:06:59,67714.0,67727.3,67714.0,67727.3,2024-05-29 01:06:59,100.0,74.4347826086754,74.4347826086754,48.91394927529865,False,False,Hold,67713.86200000001,67711.235,80.21390374334636,8,6,4.6600000000034925,4.6600000000034925,True,True,359.2000000018743,26600.000000325963
252,2024-05-29 01:07:00,67727.3,67729.61,67727.29,67729.61,2024-05-29 01:07:00,100.0,100.0,100.0,74.44957729465801,False,False,Hold,67717.916,67712.3155,82.05335489089708,9,7,17.960000000006403,17.960000000006403,False,False,405.39999999891734,4619.999999704305
253,2024-05-29 01:07:01,67732.0,67736.72,67731.99,67736.72,2024-05-29 01:07:01,100.0,100.0,100.0,91.47826086955847,False,False,Hold,67723.39199999999,67713.75200000001,86.08668341709948,10,8,22.660000000003492,22.660000000003492,True,True,547.599999999511,14220.000000059372
254,2024-05-29 01:07:02,67736.72,67743.3,67736.72,67743.3,2024-05-29 01:07:02,100.0,100.0,100.0,100.0,False,False,Hold,67730.18400000001,67715.517,88.46654517054337,11,9,27.380000000004657,27.380000000004657,False,False,679.2000000015832,13160.00000020722
255,2024-05-29 01:07:03,67744.0,67744.0,67743.99,67743.99,2024-05-29 01:07:03,99.97115661957092,99.99038553985697,99.99038553985697,99.99679517995234,True,False,Sell,67736.18400000001,67717.31700000001,88.67007672635805,0,10,0.0,34.66000000000349,True,False,600.0,-7920.000000158325
256,2024-05-29 01:07:04,67743.99,67743.99,67731.28,67731.28,2024-05-29 01:07:04,63.31122007498758,87.76079223151949,87.76079223151949,95.9170592571255,False,False,Hold,67736.98,67718.481,73.1588942814912,1,11,-0.00999999999476131,34.65000000000873,False,False,79.59999999875436,-52040.000000124564
257,2024-05-29 01:07:05,67729.68,67729.68,67721.25,67721.25,2024-05-29 01:07:05,34.38130948946886,65.88789539467578,65.88789539467578,84.54635772201742,False,False,Hold,67735.30799999999,67718.85650000001,60.372757359347474,2,12,-14.320000000006985,20.339999999996508,False,False,-167.20000000059372,-24679.999999934807
258,2024-05-29 01:07:06,67721.25,67721.25,67718.4,67718.4,2024-05-29 01:07:06,26.160946062858063,41.2844918757715,41.2844918757715,64.9777265006556,False,False,Hold,67731.644,67719.089,57.51742449385684,3,13,-22.75,11.910000000003492,False,False,-366.39999999897555,-19919.999999838183
259,2024-05-29 01:07:07,67718.4,67718.4,67714.0,67714.0,2024-05-29 01:07:07,13.469858667431465,24.670704739919458,24.670704739919458,43.94769733678891,False,True,Buy,67725.78400000001,67719.102,53.6117556071134,4,0,-25.60000000000582,0.0,False,False,-585.999999998603,-21959.999999962747
260,2024-05-29 01:07:08,67714.0,67714.01,67714.0,67714.01,2024-05-29 01:07:08,13.498702047860544,17.709835592716686,17.709835592716686,27.888344069469223,False,False,Hold,67719.78799999999,67719.115,53.6117556071134,5,1,-30.0,-4.399999999994179,False,True,-599.6000000028289,-1360.0000004225876
261,2024-05-29 01:07:09,67714.01,67714.01,67714.0,67714.01,2024-05-29 01:07:09,13.498702047860544,13.489087587717513,13.489087587717513,18.623209306784556,False,False,Hold,67716.334,67719.128,53.6117556071134,6,2,-29.99000000000524,-4.389999999999418,False,True,-345.39999999833526,25420.000000449363
262,2024-05-29 01:07:10,67714.01,67714.01,67714.01,67714.01,2024-05-29 01:07:10,13.498702047860544,13.498702047860544,13.498702047860544,14.899208409431585,False,False,Hold,67714.886,67719.362,53.6117556071134,7,3,-29.99000000000524,-4.389999999999418,False,False,-144.8000000003958,20059.999999793945
263,2024-05-29 01:07:11,67714.01,67714.01,67714.01,67714.01,2024-05-29 01:07:11,13.498702047860544,13.498702047860544,13.498702047860544,13.495497227812871,False,False,Hold,67714.008,67719.59550000001,53.6117556071134,8,4,-29.99000000000524,-4.389999999999418,False,True,-87.79999999969732,5700.000000069849
