Timestamp,Open,High,Low,Close,Volume
2024-04-14 00:00:00,63924.52,63999.52,63747.53,63945.53,218.673
2024-04-14 00:01:00,63945.53,64157.0,63925.35,64152.28,113.91408
2024-04-14 00:02:00,64152.29,64179.07,64054.0,64158.04,67.06787
2024-04-14 00:03:00,64158.04,64272.73,64131.82,64260.79,71.66376
2024-04-14 00:04:00,64260.8,64263.1,64162.56,64189.29,68.58419
2024-04-14 00:05:00,64189.29,64263.11,64148.72,64260.01,100.48391
2024-04-14 00:06:00,64260.01,64288.92,64238.8,64287.54,35.8168
2024-04-14 00:07:00,64287.53,64303.87,64155.0,64181.82,72.1848
2024-04-14 00:08:00,64181.81,64276.89,64092.13,64267.9,78.63828
2024-04-14 00:09:00,64267.9,64267.9,64054.95,64220.06,177.99697
2024-04-14 00:10:00,64220.05,64236.66,64177.0,64182.87,48.84754
2024-04-14 00:11:00,64182.87,64205.5,63997.02,64056.57,59.39346
2024-04-14 00:12:00,64056.58,64157.0,64032.42,64156.99,30.74307
2024-04-14 00:13:00,64157.0,64217.0,64090.9,64090.91,31.05718
2024-04-14 00:14:00,64090.91,64113.18,63810.64,63874.97,102.34684
2024-04-14 00:15:00,63874.96,64030.31,63757.0,64030.3,122.39456
2024-04-14 00:16:00,64030.3,64030.31,63865.58,63877.21,60.84773
2024-04-14 00:17:00,63877.2,63893.49,63701.49,63725.89,73.42104
2024-04-14 00:18:00,63725.9,63826.37,63705.65,63735.26,63.37888
2024-04-14 00:19:00,63735.26,63782.56,63598.36,63669.05,104.71338
2024-04-14 00:20:00,63669.06,63669.06,63438.59,63482.52,124.29732
2024-04-14 00:21:00,63482.52,63499.0,63317.0,63340.15,124.0963
2024-04-14 00:22:00,63340.15,63532.0,63329.07,63502.36,109.76469
2024-04-14 00:23:00,63502.35,63569.27,63426.94,63537.85,91.74191
2024-04-14 00:24:00,63537.84,63595.92,63316.12,63403.69,74.77852
2024-04-14 00:25:00,63403.69,63435.94,62888.0,62934.66,253.47535
2024-04-14 00:26:00,62934.67,63333.34,62933.7,63314.21,191.67069
2024-04-14 00:27:00,63314.21,63377.0,63151.52,63370.51,129.51674
2024-04-14 00:28:00,63370.52,63757.58,63352.8,63647.66,180.44079
2024-04-14 00:29:00,63647.67,63689.04,63496.27,63556.99,104.1604
2024-04-14 00:30:00,63557.0,63690.36,63486.76,63659.98,100.95919
2024-04-14 00:31:00,63659.99,63690.22,63584.39,63688.31,63.97836
2024-04-14 00:32:00,63688.31,63877.89,63668.51,63737.76,121.03494
2024-04-14 00:33:00,63737.76,63810.75,63602.35,63635.54,61.05368
2024-04-14 00:34:00,63635.53,63752.07,63608.31,63719.66,76.43687
2024-04-14 00:35:00,63719.65,63761.2,63524.51,63574.38,55.21686
2024-04-14 00:36:00,63574.37,63752.78,63567.97,63671.65,78.90593
2024-04-14 00:37:00,63671.64,63828.97,63623.14,63828.97,99.3081
2024-04-14 00:38:00,63828.96,63859.63,63749.15,63848.0,73.4813
2024-04-14 00:39:00,63848.0,63963.28,63841.76,63956.99,73.42127
2024-04-14 00:40:00,63956.99,63956.99,63818.19,63849.69,47.41224
2024-04-14 00:41:00,63849.69,63927.0,63818.19,63916.55,49.48648
2024-04-14 00:42:00,63916.54,64254.02,63916.54,64151.52,95.71247
2024-04-14 00:43:00,64151.51,64199.01,64103.7,64190.3,29.72251
2024-04-14 00:44:00,64190.29,64193.28,64097.28,64099.48,46.68879
2024-04-14 00:45:00,64099.48,64271.61,64073.18,64196.69,98.67285
2024-04-14 00:46:00,64196.69,64232.13,63927.62,63948.39,103.80136
2024-04-14 00:47:00,63948.39,64028.19,63880.59,63910.87,61.46951
2024-04-14 00:48:00,63910.88,63981.56,63876.17,63909.09,44.02979
2024-04-14 00:49:00,63909.09,63948.4,63818.18,63829.89,51.89398
2024-04-14 00:50:00,63829.89,63829.9,63704.42,63800.49,51.86694
2024-04-14 00:51:00,63800.49,63800.5,63700.2,63714.53,46.42279
2024-04-14 00:52:00,63714.53,63757.0,63620.43,63703.73,53.25821
2024-04-14 00:53:00,63703.72,63753.79,63680.07,63724.83,46.45618
2024-04-14 00:54:00,63724.84,63809.86,63690.05,63777.0,54.09313
2024-04-14 00:55:00,63777.0,63831.3,63706.22,63804.16,41.91454
2024-04-14 00:56:00,63804.16,63873.27,63782.87,63784.03,46.07148
2024-04-14 00:57:00,63784.03,63791.05,63733.77,63739.49,38.10813
2024-04-14 00:58:00,63739.48,63743.7,63547.26,63584.51,65.56744
2024-04-14 00:59:00,63584.52,63687.97,63584.51,63672.18,24.2134
2024-04-14 01:00:00,63672.19,63702.06,63552.85,63568.43,42.43032
2024-04-14 01:01:00,63568.44,63653.74,63503.0,63572.98,72.84106
2024-04-14 01:02:00,63572.98,63671.65,63560.97,63671.65,44.16818
2024-04-14 01:03:00,63671.65,63688.37,63582.08,63671.82,33.63607
2024-04-14 01:04:00,63671.82,63791.05,63632.35,63780.09,38.14029
2024-04-14 01:05:00,63780.89,63796.85,63666.66,63666.67,24.26005
2024-04-14 01:06:00,63666.66,63677.02,63526.94,63560.98,38.94225
2024-04-14 01:07:00,63560.99,63687.4,63548.52,63641.8,37.93784
2024-04-14 01:08:00,63641.8,63654.93,63500.0,63602.17,40.67141
2024-04-14 01:09:00,63602.18,63602.18,63291.46,63344.57,129.07124
2024-04-14 01:10:00,63344.58,63432.84,63324.07,63368.27,77.34812
2024-04-14 01:11:00,63368.27,63431.93,63333.34,63347.38,78.31991
2024-04-14 01:12:00,63347.38,63416.12,63248.7,63377.0,68.59155
2024-04-14 01:13:00,63377.0,63515.16,63363.63,63501.59,66.50055
2024-04-14 01:14:00,63501.6,63521.52,63436.15,63508.57,39.72516
2024-04-14 01:15:00,63508.56,63624.26,63438.51,63484.84,71.88358
2024-04-14 01:16:00,63484.84,63566.43,63417.01,63559.09,56.23682
2024-04-14 01:17:00,63559.09,63614.17,63472.17,63607.98,44.53429
2024-04-14 01:18:00,63607.99,63636.37,63544.35,63555.16,30.79146
2024-04-14 01:19:00,63555.15,63575.91,63459.63,63553.15,42.48559
2024-04-14 01:20:00,63553.15,63666.2,63531.68,63651.75,38.95067
2024-04-14 01:21:00,63651.75,63670.3,63559.97,63628.81,55.78326
2024-04-14 01:22:00,63628.81,63826.12,63597.49,63787.87,71.41456
2024-04-14 01:23:00,63787.88,63787.88,63701.49,63724.99,73.94441
2024-04-14 01:24:00,63724.99,63761.2,63700.0,63722.15,60.51998
2024-04-14 01:25:00,63722.15,63823.61,63716.67,63727.78,63.85117
2024-04-14 01:26:00,63727.78,63828.32,63716.99,63817.51,41.44048
2024-04-14 01:27:00,63817.52,63906.49,63763.32,63874.95,70.54702
2024-04-14 01:28:00,63874.95,63899.6,63799.8,63805.27,40.14081
2024-04-14 01:29:00,63805.28,63845.95,63777.0,63782.31,38.38359
2024-04-14 01:30:00,63782.31,63953.97,63777.0,63936.41,48.49992
2024-04-14 01:31:00,63936.42,64060.61,63901.28,63901.28,62.66042
2024-04-14 01:32:00,63901.29,64085.7,63857.19,64039.61,72.77836
2024-04-14 01:33:00,64039.62,64052.39,63937.99,63937.99,54.86857
2024-04-14 01:34:00,63938.0,63983.32,63904.6,63935.48,39.41617
2024-04-14 01:35:00,63935.48,63960.75,63878.78,63926.01,43.96251
2024-04-14 01:36:00,63926.0,63933.5,63824.8,63832.62,43.67985
2024-04-14 01:37:00,63832.63,63850.75,63792.35,63850.75,36.53072
2024-04-14 01:38:00,63850.74,63874.48,63799.34,63799.35,37.82916
2024-04-14 01:39:00,63799.36,63869.41,63791.77,63864.77,23.42637
2024-04-14 01:40:00,63864.77,63962.54,63840.49,63855.61,55.14198
2024-04-14 01:41:00,63855.62,63857.34,63711.34,63766.09,45.28507
2024-04-14 01:42:00,63766.1,63846.04,63759.76,63839.73,22.82032
2024-04-14 01:43:00,63839.74,63906.68,63811.63,63903.92,25.6238
2024-04-14 01:44:00,63903.91,63903.92,63858.94,63867.39,9.58958
2024-04-14 01:45:00,63867.4,63885.27,63747.46,63797.0,35.64961
2024-04-14 01:46:00,63797.0,63799.56,63754.7,63787.89,13.70364
2024-04-14 01:47:00,63787.89,63810.0,63773.46,63796.55,15.89843
2024-04-14 01:48:00,63796.55,63796.55,63714.16,63749.55,25.89899
2024-04-14 01:49:00,63749.55,63769.99,63667.09,63690.04,38.85288
2024-04-14 01:50:00,63690.05,63727.28,63651.84,63691.2,34.77787
2024-04-14 01:51:00,63691.21,63878.11,63691.2,63857.84,27.91065
2024-04-14 01:52:00,63857.83,63857.84,63795.5,63834.65,31.79644
2024-04-14 01:53:00,63834.64,63895.24,63829.65,63895.24,24.22196
2024-04-14 01:54:00,63895.24,63933.77,63895.23,63916.21,28.57377
2024-04-14 01:55:00,63916.22,63979.83,63912.03,63962.97,18.79315
2024-04-14 01:56:00,63962.96,63962.97,63900.0,63917.16,25.96115
2024-04-14 01:57:00,63917.17,63917.17,63812.55,63815.07,53.44394
2024-04-14 01:58:00,63815.07,63815.08,63753.05,63764.83,33.27709
2024-04-14 01:59:00,63764.82,63770.35,63700.0,63743.11,47.10375
2024-04-14 02:00:00,63743.1,63746.99,63708.71,63727.54,18.70862
2024-04-14 02:01:00,63727.54,63848.49,63719.79,63777.37,32.90198
2024-04-14 02:02:00,63777.37,63800.0,63750.0,63796.16,21.05345
2024-04-14 02:03:00,63796.16,63924.44,63787.59,63908.07,27.42843
2024-04-14 02:04:00,63908.07,63908.08,63820.89,63829.88,22.00059
2024-04-14 02:05:00,63829.88,63953.75,63820.89,63926.18,33.80466
2024-04-14 02:06:00,63926.17,63933.41,63854.63,63926.43,22.47189
2024-04-14 02:07:00,63926.43,63931.49,63850.73,63850.73,24.44162
2024-04-14 02:08:00,63850.74,63850.74,63672.61,63682.68,84.21278
2024-04-14 02:09:00,63682.68,63716.18,63673.37,63677.18,24.35735
2024-04-14 02:10:00,63677.18,63684.45,63626.56,63650.05,30.80607
2024-04-14 02:11:00,63650.05,63670.95,63622.62,63657.0,27.18791
2024-04-14 02:12:00,63657.0,63671.36,63622.78,63652.21,26.85825
2024-04-14 02:13:00,63652.2,63667.08,63588.0,63629.02,30.36391
2024-04-14 02:14:00,63629.01,63701.24,63613.17,63657.0,22.19944
2024-04-14 02:15:00,63657.0,63659.97,63579.61,63609.11,35.10429
2024-04-14 02:16:00,63609.1,63609.11,63522.38,63541.84,44.37581
2024-04-14 02:17:00,63541.84,63603.26,63541.83,63545.89,19.39502
2024-04-14 02:18:00,63545.89,63545.9,63371.73,63396.49,70.85265
2024-04-14 02:19:00,63396.5,63440.06,63379.42,63419.57,16.90331
2024-04-14 02:20:00,63419.56,63452.21,63387.02,63448.44,25.93682
2024-04-14 02:21:00,63448.44,63472.6,63417.18,63449.01,22.91275
2024-04-14 02:22:00,63449.01,63449.01,63369.79,63383.77,33.62281
2024-04-14 02:23:00,63383.78,63432.84,63363.63,63369.48,30.22103
2024-04-14 02:24:00,63369.47,63453.94,63317.0,63425.1,71.52992
2024-04-14 02:25:00,63425.1,63492.54,63419.22,63478.81,33.63569
2024-04-14 02:26:00,63478.81,63565.44,63478.8,63507.03,36.49169
2024-04-14 02:27:00,63507.03,63511.39,63445.82,63458.9,19.93851
2024-04-14 02:28:00,63458.89,63478.8,63400.0,63465.32,41.20996
2024-04-14 02:29:00,63465.33,63510.61,63442.96,63507.38,22.61573
2024-04-14 02:30:00,63507.37,63531.1,63343.29,63412.99,42.66312
2024-04-14 02:31:00,63412.99,63413.0,63325.43,63345.8,39.25251
2024-04-14 02:32:00,63345.81,63373.13,63303.03,63370.29,18.98638
2024-04-14 02:33:00,63370.3,63419.56,63301.01,63316.67,43.13256
2024-04-14 02:34:00,63316.68,63388.4,63316.67,63358.27,24.67489
2024-04-14 02:35:00,63358.27,63410.77,63357.24,63383.03,21.6763
2024-04-14 02:36:00,63383.04,63383.04,63160.12,63202.81,90.49038
2024-04-14 02:37:00,63202.81,63271.2,63164.17,63164.18,43.89612
2024-04-14 02:38:00,63164.18,63240.85,63161.72,63182.03,70.0904
2024-04-14 02:39:00,63182.02,63206.88,63158.47,63158.48,26.91826
2024-04-14 02:40:00,63158.47,63168.88,63042.87,63105.91,103.31724
2024-04-14 02:41:00,63105.91,63164.18,63097.0,63135.0,27.09143
2024-04-14 02:42:00,63135.01,63149.56,63056.0,63099.97,46.17822
2024-04-14 02:43:00,63099.97,63180.8,63088.56,63120.56,80.25906
2024-04-14 02:44:00,63120.56,63188.0,63120.55,63158.6,39.49327
2024-04-14 02:45:00,63158.6,63179.41,63019.97,63024.23,98.29719
2024-04-14 02:46:00,63024.24,63113.48,63016.23,63089.39,45.30176
2024-04-14 02:47:00,63089.38,63242.43,63064.04,63191.58,71.75588
2024-04-14 02:48:00,63191.57,63350.85,63191.57,63306.8,52.77266
2024-04-14 02:49:00,63306.8,63320.15,63208.82,63214.47,64.70749
2024-04-14 02:50:00,63214.47,63232.25,63129.92,63146.64,50.68357
2024-04-14 02:51:00,63146.64,63234.18,63111.11,63218.72,46.90078
2024-04-14 02:52:00,63218.72,63223.88,63046.54,63046.54,45.60311
2024-04-14 02:53:00,63046.55,63134.33,63044.77,63127.65,71.04419
2024-04-14 02:54:00,63127.66,63183.39,63119.44,63172.74,23.84609
2024-04-14 02:55:00,63172.74,63186.51,63093.46,63093.47,29.58303
2024-04-14 02:56:00,63093.47,63169.08,63057.0,63151.51,61.37902
2024-04-14 02:57:00,63151.5,63177.0,63077.0,63083.35,21.86284
2024-04-14 02:58:00,63083.36,63111.76,63063.0,63063.01,42.95154
2024-04-14 02:59:00,63063.01,63136.99,63063.0,63084.18,32.13887
2024-04-14 03:00:00,63084.18,63150.0,63036.0,63036.01,53.33207
2024-04-14 03:01:00,63036.0,63036.01,62900.03,62924.72,102.52938
2024-04-14 03:02:00,62924.72,62947.86,62704.17,62794.67,164.49168
2024-04-14 03:03:00,62794.67,62794.68,62606.06,62709.99,77.28439
2024-04-14 03:04:00,62710.0,62746.27,62582.61,62641.08,91.04235
2024-04-14 03:05:00,62641.09,62654.79,62558.46,62602.5,76.91066
2024-04-14 03:06:00,62602.51,62640.27,62567.17,62625.11,72.34281
2024-04-14 03:07:00,62625.11,62636.24,62426.0,62462.49,133.58993
2024-04-14 03:08:00,62462.48,62515.16,62317.0,62513.22,168.29046
2024-04-14 03:09:00,62513.22,62513.22,62393.93,62448.43,94.56703
2024-04-14 03:10:00,62447.08,62515.0,62236.63,62288.34,153.44659
2024-04-14 03:11:00,62288.34,62333.34,62210.0,62252.83,96.01112
2024-04-14 03:12:00,62252.83,62325.0,62158.8,62197.17,128.51353
2024-04-14 03:13:00,62197.18,62279.94,62134.0,62227.35,73.86103
2024-04-14 03:14:00,62227.36,62227.36,62142.45,62183.58,53.90713
2024-04-14 03:15:00,62183.57,62476.26,62161.68,62403.12,125.35474
2024-04-14 03:16:00,62403.12,62569.05,62380.0,62491.21,108.00383
2024-04-14 03:17:00,62491.22,62633.81,62484.97,62575.76,113.30647
2024-04-14 03:18:00,62575.75,62736.01,62518.06,62682.88,62.35666
2024-04-14 03:19:00,62682.87,62778.12,62636.36,62657.01,63.34234
2024-04-14 03:20:00,62657.0,62727.28,62600.0,62710.69,55.77976
2024-04-14 03:21:00,62710.7,62777.0,62587.48,62587.48,44.93765
2024-04-14 03:22:00,62587.48,62662.83,62515.15,62646.64,38.51096
2024-04-14 03:23:00,62646.64,62696.97,62566.46,62615.68,66.09625
2024-04-14 03:24:00,62615.69,62654.2,62577.95,62614.49,30.4317
2024-04-14 03:25:00,62614.48,62624.88,62507.46,62549.48,71.7441
2024-04-14 03:26:00,62549.48,62727.27,62536.3,62724.91,58.25619
2024-04-14 03:27:00,62724.91,62832.24,62668.97,62671.01,75.2141
2024-04-14 03:28:00,62671.02,62684.06,62614.51,62674.04,53.67171
2024-04-14 03:29:00,62674.03,62735.62,62626.87,62735.62,40.21231
2024-04-14 03:30:00,62735.61,62909.1,62700.0,62866.56,54.8409
2024-04-14 03:31:00,62866.56,63030.31,62866.56,62914.17,75.69749
2024-04-14 03:32:00,62914.16,62964.67,62851.79,62864.78,68.39347
2024-04-14 03:33:00,62864.79,62894.71,62825.06,62894.71,65.12998
2024-04-14 03:34:00,62894.71,62971.25,62888.41,62942.33,38.76877
2024-04-14 03:35:00,62942.33,63192.99,62939.39,63148.35,85.77081
2024-04-14 03:36:00,63148.34,63253.74,63134.32,63212.97,103.01275
2024-04-14 03:37:00,63212.97,63342.97,63212.96,63307.52,40.75216
2024-04-14 03:38:00,63307.52,63316.99,63197.01,63243.13,61.22359
2024-04-14 03:39:00,63243.13,63354.45,63223.88,63339.2,76.5336
2024-04-14 03:40:00,63339.21,63339.21,63249.92,63302.3,94.36789
2024-04-14 03:41:00,63302.29,63462.14,63258.02,63448.07,72.32866
2024-04-14 03:42:00,63448.07,63448.08,63350.01,63434.28,66.15977
2024-04-14 03:43:00,63434.29,63455.81,63377.0,63418.42,36.36174
2024-04-14 03:44:00,63418.43,63432.84,63333.33,63397.0,38.27657
2024-04-14 03:45:00,63396.99,63398.22,63217.83,63288.54,75.00915
2024-04-14 03:46:00,63288.53,63333.3,63200.0,63333.29,101.35921
2024-04-14 03:47:00,63333.3,63343.28,63237.0,63237.01,44.74601
2024-04-14 03:48:00,63237.01,63293.5,63182.33,63252.5,49.31101
2024-04-14 03:49:00,63252.51,63272.73,63188.1,63196.53,31.24004
2024-04-14 03:50:00,63196.53,63273.74,63158.18,63256.95,36.88592
2024-04-14 03:51:00,63256.95,63285.09,63227.04,63237.22,22.18919
2024-04-14 03:52:00,63237.21,63251.21,63077.0,63107.24,30.20909
2024-04-14 03:53:00,63107.24,63164.18,63060.6,63164.17,40.73454
2024-04-14 03:54:00,63164.17,63180.49,63102.34,63123.16,56.68106
2024-04-14 03:55:00,63123.17,63337.0,63098.95,63303.03,35.45816
2024-04-14 03:56:00,63303.03,63373.14,63279.86,63293.29,49.64959
2024-04-14 03:57:00,63293.28,63433.72,63242.43,63432.04,50.7935
2024-04-14 03:58:00,63432.04,63576.36,63426.89,63457.02,103.55266
2024-04-14 03:59:00,63457.03,63490.49,63414.52,63437.55,34.37858
2024-04-14 04:00:00,63437.55,63454.0,63394.0,63454.0,27.36591
2024-04-14 04:01:00,63454.0,63536.98,63453.99,63520.69,39.72399
2024-04-14 04:02:00,63520.68,63563.46,63500.01,63550.18,48.85197
2024-04-14 04:03:00,63550.17,63592.84,63446.6,63446.61,45.70416
2024-04-14 04:04:00,63446.6,63507.02,63439.29,63463.87,14.75115
2024-04-14 04:05:00,63463.87,63507.02,63455.64,63507.02,22.54281
2024-04-14 04:06:00,63507.02,63636.37,63507.01,63600.34,49.48453
2024-04-14 04:07:00,63600.35,63649.83,63581.25,63635.05,29.59157
2024-04-14 04:08:00,63635.06,63687.55,63583.49,63587.57,49.31375
2024-04-14 04:09:00,63587.57,63587.58,63477.0,63506.36,29.84039
2024-04-14 04:10:00,63506.35,63666.67,63506.35,63630.69,32.68192
2024-04-14 04:11:00,63630.69,63668.86,63582.08,63651.08,61.28279
2024-04-14 04:12:00,63651.09,63727.28,63640.01,63666.67,58.61818
2024-04-14 04:13:00,63666.67,63727.28,63652.29,63727.28,37.75939
2024-04-14 04:14:00,63727.28,63754.9,63691.28,63691.28,76.15631
2024-04-14 04:15:00,63691.29,63840.97,63671.64,63840.97,59.40442
2024-04-14 04:16:00,63840.97,63861.58,63791.71,63817.01,43.0189
2024-04-14 04:17:00,63817.02,63852.34,63795.36,63842.85,43.16407
2024-04-14 04:18:00,63842.84,63998.99,63833.15,63941.99,88.25887
2024-04-14 04:19:00,63941.98,63985.69,63881.17,63976.59,109.41505
2024-04-14 04:20:00,63976.6,63997.56,63898.0,63980.94,120.40289
2024-04-14 04:21:00,63980.95,63999.0,63895.43,63896.45,116.53323
2024-04-14 04:22:00,63896.46,64008.0,63881.16,63909.74,140.02765
2024-04-14 04:23:00,63909.73,63986.75,63800.89,63844.38,79.23629
2024-04-14 04:24:00,63844.38,63979.57,63833.19,63979.56,27.46254
2024-04-14 04:25:00,63979.56,64077.0,63969.99,64068.22,97.83338
2024-04-14 04:26:00,64068.23,64133.78,64007.99,64037.16,80.12183
2024-04-14 04:27:00,64037.16,64176.46,64033.48,64103.03,46.12977
2024-04-14 04:28:00,64103.03,64149.16,64049.99,64060.0,45.41951
2024-04-14 04:29:00,64060.0,64166.68,64060.0,64148.3,39.97863
2024-04-14 04:30:00,64148.3,64148.3,64000.0,64017.0,45.77655
2024-04-14 04:31:00,64016.99,64022.79,63961.64,63988.4,64.76189
2024-04-14 04:32:00,63988.4,63988.4,63916.35,63962.41,38.44503
2024-04-14 04:33:00,63962.42,63981.27,63845.31,63883.25,56.52656
2024-04-14 04:34:00,63883.25,63909.1,63820.89,63856.44,50.48027
2024-04-14 04:35:00,63856.44,63970.15,63826.39,63970.15,32.31531
2024-04-14 04:36:00,63970.14,64096.43,63968.73,64057.0,33.2942
2024-04-14 04:37:00,64056.99,64117.0,64000.0,64003.19,32.82022
2024-04-14 04:38:00,64003.2,64019.96,63909.09,63957.0,37.896
2024-04-14 04:39:00,63956.99,63957.0,63880.52,63910.44,52.46713
2024-04-14 04:40:00,63910.45,63962.69,63880.59,63928.66,29.58079
2024-04-14 04:41:00,63928.67,63991.57,63860.98,63990.1,36.59257
2024-04-14 04:42:00,63990.1,64027.69,63887.99,63910.39,34.11253
2024-04-14 04:43:00,63910.4,63947.75,63880.74,63899.62,35.25167
2024-04-14 04:44:00,63899.62,63991.74,63899.61,63941.63,31.96554
2024-04-14 04:45:00,63941.64,64008.23,63913.72,63913.72,46.10584
2024-04-14 04:46:00,63913.72,63936.37,63861.43,63899.62,54.13179
2024-04-14 04:47:00,63899.61,63990.0,63899.61,63965.55,39.80721
2024-04-14 04:48:00,63965.54,64017.0,63921.84,63932.81,29.30321
2024-04-14 04:49:00,63932.81,64011.68,63920.0,64005.76,22.97141
2024-04-14 04:50:00,64005.76,64018.7,63974.72,63983.15,21.21453
2024-04-14 04:51:00,63983.14,63996.72,63970.14,63978.7,18.2816
2024-04-14 04:52:00,63978.71,64029.22,63932.81,63952.73,27.82634
2024-04-14 04:53:00,63952.74,63969.7,63923.0,63969.69,21.1692
2024-04-14 04:54:00,63969.69,64000.0,63957.3,63976.01,29.18218
2024-04-14 04:55:00,63976.01,64020.0,63942.0,63988.3,24.57093
2024-04-14 04:56:00,63988.31,64041.56,63967.68,64041.56,25.96643
2024-04-14 04:57:00,64041.56,64107.94,64041.55,64060.61,31.6168
2024-04-14 04:58:00,64060.61,64064.38,64032.39,64055.36,35.79614
2024-04-14 04:59:00,64055.36,64055.37,63929.07,63956.99,49.93795
2024-04-14 05:00:00,63957.0,63985.1,63921.0,63951.65,37.12605
2024-04-14 05:01:00,63951.66,63976.08,63926.0,63956.4,46.81087
2024-04-14 05:02:00,63956.4,64029.54,63939.39,64029.54,31.45728
2024-04-14 05:03:00,64029.54,64029.54,63964.35,64028.45,25.25099
2024-04-14 05:04:00,64028.44,64076.58,64028.44,64075.32,29.55177
2024-04-14 05:05:00,64075.33,64134.03,64075.32,64081.38,33.47145
2024-04-14 05:06:00,64081.38,64187.5,64081.37,64176.99,39.42336
2024-04-14 05:07:00,64177.0,64179.95,64117.9,64154.41,30.96543
2024-04-14 05:08:00,64154.41,64228.12,64143.63,64153.25,46.18912
2024-04-14 05:09:00,64153.25,64231.39,64136.69,64231.37,23.65338
2024-04-14 05:10:00,64231.37,64297.0,64178.74,64190.94,66.63212
2024-04-14 05:11:00,64190.94,64381.45,64177.0,64335.54,75.89136
2024-04-14 05:12:00,64335.53,64385.32,64300.0,64318.8,54.56282
2024-04-14 05:13:00,64318.81,64363.63,64303.03,64336.01,70.37424
2024-04-14 05:14:00,64336.0,64412.37,64322.96,64388.7,72.84091
2024-04-14 05:15:00,64388.7,64415.26,64300.0,64300.95,50.26095
2024-04-14 05:16:00,64300.94,64300.95,64233.29,64271.99,44.38174
2024-04-14 05:17:00,64272.0,64297.0,64198.66,64219.46,40.97477
2024-04-14 05:18:00,64219.46,64245.63,64136.17,64136.99,49.98996
2024-04-14 05:19:00,64137.0,64169.38,64043.71,64057.83,76.95502
2024-04-14 05:20:00,64057.82,64140.19,64037.0,64114.8,35.95273
2024-04-14 05:21:00,64114.8,64134.03,64049.19,64085.07,37.24914
2024-04-14 05:22:00,64085.07,64118.25,64050.0,64108.61,33.71313
2024-04-14 05:23:00,64108.62,64124.63,64057.0,64076.37,16.75233
2024-04-14 05:24:00,64076.38,64109.61,64076.37,64096.81,7.84404
2024-04-14 05:25:00,64096.81,64162.55,64094.78,64162.55,14.26086
2024-04-14 05:26:00,64162.55,64199.6,64149.86,64199.59,24.93513
2024-04-14 05:27:00,64199.59,64250.01,64191.76,64204.49,28.02298
2024-04-14 05:28:00,64204.49,64268.01,64204.48,64232.47,15.44347
2024-04-14 05:29:00,64232.47,64272.73,64232.46,64268.1,37.67309
2024-04-14 05:30:00,64268.09,64277.0,64202.8,64202.8,35.42385
2024-04-14 05:31:00,64202.81,64249.74,64184.31,64240.0,27.34636
2024-04-14 05:32:00,64240.0,64247.81,64164.94,64164.95,36.22317
2024-04-14 05:33:00,64164.94,64197.0,64151.52,64187.89,29.43694
2024-04-14 05:34:00,64187.89,64249.73,64165.01,64249.73,17.32689
2024-04-14 05:35:00,64249.72,64393.94,64249.72,64378.29,39.26508
2024-04-14 05:36:00,64378.28,64459.18,64333.64,64440.78,39.14564
2024-04-14 05:37:00,64440.78,64464.0,64368.04,64444.0,57.07366
2024-04-14 05:38:00,64444.0,64444.98,64412.37,64420.0,24.85776
2024-04-14 05:39:00,64420.0,64428.0,64303.05,64355.7,48.5213
2024-04-14 05:40:00,64355.7,64454.55,64355.7,64421.06,34.39583
2024-04-14 05:41:00,64421.06,64466.0,64396.0,64406.35,41.85466
2024-04-14 05:42:00,64406.35,64462.37,64406.34,64435.52,35.98352
2024-04-14 05:43:00,64435.52,64444.76,64335.73,64348.01,67.39673
2024-04-14 05:44:00,64348.01,64405.5,64340.3,64405.5,67.51135
2024-04-14 05:45:00,64405.49,64426.05,64300.0,64310.59,108.24904
2024-04-14 05:46:00,64310.59,64333.34,64268.0,64288.0,31.3398
2024-04-14 05:47:00,64288.0,64318.25,64262.95,64284.02,29.60339
2024-04-14 05:48:00,64284.01,64350.52,64269.53,64328.07,27.39629
2024-04-14 05:49:00,64328.06,64354.27,64272.01,64280.0,40.87085
2024-04-14 05:50:00,64280.0,64341.66,64279.99,64317.29,17.88959
2024-04-14 05:51:00,64317.29,64404.01,64314.39,64391.26,28.92409
2024-04-14 05:52:00,64391.26,64460.09,64391.25,64436.02,43.68796
2024-04-14 05:53:00,64436.02,64444.98,64400.0,64400.01,26.05918
2024-04-14 05:54:00,64400.0,64412.38,64363.63,64404.0,44.77306
2024-04-14 05:55:00,64404.0,64428.0,64397.93,64417.27,23.18705
2024-04-14 05:56:00,64417.28,64417.28,64333.34,64375.99,30.24093
2024-04-14 05:57:00,64375.99,64412.38,64344.78,64404.02,24.9806
2024-04-14 05:58:00,64404.01,64424.25,64383.29,64392.0,22.07029
2024-04-14 05:59:00,64391.99,64400.59,64381.44,64383.99,10.33629
2024-04-14 06:00:00,64384.0,64436.49,64350.51,64363.48,29.96512
2024-04-14 06:01:00,64363.49,64378.48,64272.72,64279.99,46.90648
2024-04-14 06:02:00,64280.0,64324.0,64267.33,64267.99,34.38309
2024-04-14 06:03:00,64268.0,64284.0,64218.53,64218.53,41.64774
2024-04-14 06:04:00,64218.54,64226.8,64157.88,64217.0,64.78076
2024-04-14 06:05:00,64217.0,64257.74,64180.4,64257.73,30.65123
2024-04-14 06:06:00,64257.73,64268.08,64215.01,64242.78,27.04157
2024-04-14 06:07:00,64242.78,64248.0,64185.32,64212.11,24.92721
2024-04-14 06:08:00,64212.11,64234.13,64204.75,64212.01,29.57509
2024-04-14 06:09:00,64212.0,64214.64,64145.01,64154.95,23.87953
2024-04-14 06:10:00,64154.94,64163.99,64111.22,64111.22,74.28314
2024-04-14 06:11:00,64111.23,64189.27,64107.09,64189.26,24.61471
2024-04-14 06:12:00,64189.26,64242.64,64184.01,64184.32,34.62994
2024-04-14 06:13:00,64184.32,64256.93,64184.31,64256.92,22.11739
2024-04-14 06:14:00,64256.92,64272.74,64217.62,64217.63,30.59839
2024-04-14 06:15:00,64217.62,64217.63,64153.37,64211.55,24.98756
2024-04-14 06:16:00,64211.56,64211.56,64127.46,64142.49,32.90788
2024-04-14 06:17:00,64144.02,64172.0,64128.01,64164.0,28.05565
2024-04-14 06:18:00,64164.0,64164.95,64134.02,64156.93,23.75113
2024-04-14 06:19:00,64156.92,64231.09,64156.92,64231.09,19.37992
2024-04-14 06:20:00,64231.08,64312.23,64231.08,64275.23,35.16472
2024-04-14 06:21:00,64275.23,64337.0,64268.05,64299.99,31.49039
2024-04-14 06:22:00,64299.99,64303.04,64257.73,64257.75,23.10538
2024-04-14 06:23:00,64257.75,64350.35,64257.74,64350.33,32.16429
2024-04-14 06:24:00,64349.23,64546.65,64349.23,64546.64,93.91898
2024-04-14 06:25:00,64546.65,64574.23,64508.0,64563.42,46.28673
2024-04-14 06:26:00,64563.42,64575.76,64484.84,64565.07,50.81131
2024-04-14 06:27:00,64565.06,64565.07,64505.15,64505.15,20.82668
2024-04-14 06:28:00,64505.15,64583.71,64496.64,64583.7,37.53804
2024-04-14 06:29:00,64583.71,64668.14,64583.7,64656.1,31.08328
2024-04-14 06:30:00,64656.1,64668.13,64621.09,64658.47,38.52041
2024-04-14 06:31:00,64658.46,64658.47,64531.22,64568.46,40.10585
2024-04-14 06:32:00,64568.47,64575.76,64536.52,64551.9,26.38701
2024-04-14 06:33:00,64551.9,64567.01,64509.34,64509.34,29.21443
2024-04-14 06:34:00,64509.35,64575.01,64505.16,64575.0,41.85982
2024-04-14 06:35:00,64575.0,64723.59,64570.0,64707.41,41.6842
2024-04-14 06:36:00,64707.4,64762.34,64700.0,64729.84,95.58122
2024-04-14 06:37:00,64729.84,64872.96,64729.84,64872.96,58.78507
2024-04-14 06:38:00,64872.96,64872.96,64800.8,64800.8,101.2504
2024-04-14 06:39:00,64800.81,64800.81,64733.92,64737.29,65.63714
2024-04-14 06:40:00,64737.3,64765.86,64719.0,64719.0,55.51939
2024-04-14 06:41:00,64719.01,64769.54,64654.7,64659.78,77.70193
2024-04-14 06:42:00,64659.79,64757.0,64652.37,64756.99,40.47894
2024-04-14 06:43:00,64756.99,64760.82,64690.72,64705.04,28.90452
2024-04-14 06:44:00,64705.04,64833.93,64698.79,64833.92,49.47846
2024-04-14 06:45:00,64833.92,64833.93,64771.48,64800.0,44.2425
2024-04-14 06:46:00,64800.0,64856.99,64779.89,64851.27,48.96935
2024-04-14 06:47:00,64851.27,64851.27,64783.5,64783.5,51.99581
2024-04-14 06:48:00,64783.51,64840.17,64772.82,64840.16,32.46071
2024-04-14 06:49:00,64840.16,64840.17,64802.0,64820.48,19.3664
2024-04-14 06:50:00,64820.48,64830.1,64760.0,64792.16,55.45237
2024-04-14 06:51:00,64792.15,64792.16,64666.66,64666.67,28.11011
2024-04-14 06:52:00,64666.67,64689.99,64591.44,64618.4,59.20523
2024-04-14 06:53:00,64618.4,64670.0,64575.13,64666.01,45.67214
2024-04-14 06:54:00,64666.0,64680.0,64566.14,64601.2,52.87986
2024-04-14 06:55:00,64601.21,64752.04,64601.2,64745.83,30.14179
2024-04-14 06:56:00,64745.82,64745.83,64690.72,64690.73,12.10093
2024-04-14 06:57:00,64690.73,64694.38,64628.86,64648.68,37.18226
2024-04-14 06:58:00,64648.67,64659.8,64606.37,64611.1,47.246
2024-04-14 06:59:00,64611.11,64659.79,64606.06,64649.96,28.41119
2024-04-14 07:00:00,64649.97,64714.59,64649.95,64707.48,31.70941
2024-04-14 07:01:00,64707.49,64758.51,64691.1,64726.33,22.63507
2024-04-14 07:02:00,64726.33,64726.34,64575.75,64575.76,60.40962
2024-04-14 07:03:00,64575.75,64636.37,64541.57,64614.65,39.10664
2024-04-14 07:04:00,64614.64,64663.18,64596.99,64656.99,42.70518
2024-04-14 07:05:00,64656.99,64752.58,64641.81,64720.85,70.36436
2024-04-14 07:06:00,64720.86,64724.89,64650.0,64724.89,29.76376
2024-04-14 07:07:00,64724.89,64752.57,64715.48,64745.43,22.06384
2024-04-14 07:08:00,64745.42,64795.12,64737.76,64757.58,22.37603
2024-04-14 07:09:00,64757.58,64769.67,64706.01,64757.57,19.77548
2024-04-14 07:10:00,64757.58,64820.0,64757.57,64820.0,20.80197
2024-04-14 07:11:00,64820.0,64837.07,64773.8,64800.01,39.53281
2024-04-14 07:12:00,64800.02,64831.28,64711.13,64724.51,54.42455
2024-04-14 07:13:00,64724.52,64752.58,64707.07,64720.61,30.32341
2024-04-14 07:14:00,64720.6,64747.98,64637.0,64648.97,20.40369
2024-04-14 07:15:00,64648.97,64720.48,64648.96,64720.48,21.06012
2024-04-14 07:16:00,64720.48,64766.52,64685.22,64691.39,30.43962
2024-04-14 07:17:00,64691.4,64742.33,64670.0,64742.32,33.24495
2024-04-14 07:18:00,64742.32,64806.02,64721.54,64806.02,23.499
2024-04-14 07:19:00,64806.01,64806.02,64777.0,64794.87,42.80053
2024-04-14 07:20:00,64794.87,64799.17,64700.12,64700.13,33.17794
2024-04-14 07:21:00,64700.12,64744.66,64682.0,64744.65,33.05639
2024-04-14 07:22:00,64744.66,64744.86,64679.44,64682.7,26.66537
2024-04-14 07:23:00,64682.69,64682.7,64637.0,64645.92,23.42342
2024-04-14 07:24:00,64645.92,64646.41,64621.29,64621.8,22.28246
2024-04-14 07:25:00,64621.8,64711.13,64613.99,64677.0,22.26557
2024-04-14 07:26:00,64677.0,64686.55,64608.78,64608.78,24.90949
2024-04-14 07:27:00,64608.79,64625.53,64568.0,64568.01,25.55054
2024-04-14 07:28:00,64568.01,64580.01,64511.0,64559.14,27.98549
2024-04-14 07:29:00,64559.14,64586.4,64537.0,64580.01,15.19659
2024-04-14 07:30:00,64580.0,64603.76,64567.26,64603.75,27.18007
2024-04-14 07:31:00,64603.76,64665.9,64585.61,64585.61,21.86472
2024-04-14 07:32:00,64585.62,64659.8,64562.14,64650.79,17.01188
2024-04-14 07:33:00,64650.8,64654.14,64600.0,64617.18,13.8557
2024-04-14 07:34:00,64617.18,64623.13,64589.87,64599.53,22.4885
2024-04-14 07:35:00,64599.54,64675.23,64599.53,64665.07,20.68162
2024-04-14 07:36:00,64665.07,64726.28,64665.07,64687.85,18.80297
2024-04-14 07:37:00,64687.86,64738.48,64687.85,64701.63,23.34617
2024-04-14 07:38:00,64701.63,64707.9,64670.0,64707.84,18.50525
2024-04-14 07:39:00,64707.85,64720.54,64686.14,64720.54,35.37603
2024-04-14 07:40:00,64720.53,64737.01,64682.56,64685.09,28.40205
2024-04-14 07:41:00,64685.09,64685.09,64613.82,64643.83,21.84023
2024-04-14 07:42:00,64643.83,64643.83,64555.02,64568.44,27.93784
2024-04-14 07:43:00,64568.43,64657.0,64568.43,64636.37,27.2159
2024-04-14 07:44:00,64636.36,64636.37,64578.07,64578.08,18.19164
2024-04-14 07:45:00,64578.07,64597.0,64550.0,64571.17,45.23018
2024-04-14 07:46:00,64571.16,64584.57,64536.97,64536.97,21.84015
2024-04-14 07:47:00,64536.97,64551.65,64489.62,64489.62,92.36819
2024-04-14 07:48:00,64489.63,64555.9,64430.8,64492.61,95.45871
2024-04-14 07:49:00,64492.6,64505.16,64363.63,64421.8,75.86664
2024-04-14 07:50:00,64421.81,64429.4,64243.65,64324.86,124.77485
2024-04-14 07:51:00,64324.86,64428.2,64324.85,64381.99,74.76089
2024-04-14 07:52:00,64382.0,64392.22,64348.2,64357.46,37.51522
2024-04-14 07:53:00,64357.47,64377.0,64316.83,64376.99,20.09287
2024-04-14 07:54:00,64377.0,64388.7,64360.88,64360.89,17.78683
2024-04-14 07:55:00,64360.88,64399.13,64339.0,64374.4,54.89404
2024-04-14 07:56:00,64374.41,64406.34,64364.4,64369.66,30.72435
2024-04-14 07:57:00,64369.65,64412.37,64365.55,64412.37,19.43946
2024-04-14 07:58:00,64412.37,64470.58,64412.36,64470.57,20.9681
2024-04-14 07:59:00,64470.57,64474.23,64437.0,64464.3,44.75398
2024-04-14 08:00:00,64464.3,64467.51,64418.37,64429.22,57.38132
2024-04-14 08:01:00,64429.21,64439.29,64372.04,64394.56,42.39174
2024-04-14 08:02:00,64394.57,64419.39,64389.48,64409.93,23.42768
2024-04-14 08:03:00,64409.94,64424.24,64405.54,64411.21,21.51035
2024-04-14 08:04:00,64411.21,64416.99,64411.21,64416.99,9.71367
2024-04-14 08:05:00,64416.99,64488.0,64416.98,64481.12,14.24873
2024-04-14 08:06:00,64481.11,64540.0,64481.1,64539.99,29.24839
2024-04-14 08:07:00,64540.0,64561.23,64539.99,64556.78,15.7658
2024-04-14 08:08:00,64556.79,64580.0,64556.78,64580.0,9.47286
2024-04-14 08:09:00,64580.0,64582.26,64540.58,64543.27,21.5622
2024-04-14 08:10:00,64543.26,64575.77,64515.15,64553.5,18.22342
2024-04-14 08:11:00,64553.5,64594.5,64553.5,64586.76,8.84423
2024-04-14 08:12:00,64586.77,64612.13,64584.37,64608.6,33.53046
2024-04-14 08:13:00,64608.6,64610.46,64596.18,64607.0,13.68028
2024-04-14 08:14:00,64606.99,64625.8,64590.3,64601.16,24.51093
2024-04-14 08:15:00,64601.15,64656.01,64601.15,64617.74,50.03601
2024-04-14 08:16:00,64617.74,64657.0,64601.0,64652.54,57.53
2024-04-14 08:17:00,64652.53,64652.54,64611.0,64621.39,29.94722
2024-04-14 08:18:00,64621.38,64621.39,64543.62,64543.62,58.16285
2024-04-14 08:19:00,64543.62,64591.98,64518.68,64549.98,43.87199
2024-04-14 08:20:00,64549.99,64561.52,64524.96,64529.05,18.9409
2024-04-14 08:21:00,64529.06,64551.14,64519.0,64519.01,23.92507
2024-04-14 08:22:00,64519.01,64596.87,64519.0,64596.86,21.61285
2024-04-14 08:23:00,64596.86,64625.91,64586.91,64586.91,39.74598
2024-04-14 08:24:00,64586.91,64620.68,64586.91,64620.67,14.87599
2024-04-14 08:25:00,64620.68,64709.99,64620.67,64687.98,25.93207
2024-04-14 08:26:00,64687.98,64800.0,64687.98,64755.77,67.28027
2024-04-14 08:27:00,64755.78,64780.0,64755.77,64757.73,23.99251
2024-04-14 08:28:00,64757.73,64826.79,64757.72,64783.5,54.35193
2024-04-14 08:29:00,64783.5,64850.0,64783.49,64847.32,35.48858
2024-04-14 08:30:00,64847.33,64887.99,64766.22,64769.11,70.56295
2024-04-14 08:31:00,64769.11,64769.12,64727.27,64748.53,38.50349
2024-04-14 08:32:00,64748.52,64787.88,64737.3,64740.35,28.57409
2024-04-14 08:33:00,64740.36,64759.14,64737.31,64737.97,21.54782
2024-04-14 08:34:00,64737.98,64771.74,64737.97,64759.14,21.6326
2024-04-14 08:35:00,64759.15,64765.02,64742.0,64742.0,21.37069
2024-04-14 08:36:00,64742.01,64761.09,64715.72,64735.82,39.92652
2024-04-14 08:37:00,64735.81,64787.88,64706.22,64787.88,18.74104
2024-04-14 08:38:00,64787.88,64799.99,64766.66,64766.66,23.27171
2024-04-14 08:39:00,64766.66,64792.17,64766.66,64775.83,11.01024
2024-04-14 08:40:00,64775.83,64775.83,64722.85,64733.29,30.92787
2024-04-14 08:41:00,64733.29,64740.66,64702.0,64708.23,50.07205
2024-04-14 08:42:00,64708.24,64725.42,64702.0,64707.67,27.36145
2024-04-14 08:43:00,64707.67,64752.58,64702.0,64702.0,21.77309
2024-04-14 08:44:00,64702.0,64702.01,64600.0,64650.0,55.74877
2024-04-14 08:45:00,64649.99,64650.0,64559.0,64559.0,45.21645
2024-04-14 08:46:00,64559.01,64587.46,64520.27,64542.24,39.50965
2024-04-14 08:47:00,64542.24,64556.47,64532.18,64548.02,21.96752
2024-04-14 08:48:00,64548.03,64589.46,64548.02,64550.0,23.17177
2024-04-14 08:49:00,64550.0,64550.01,64505.15,64512.18,23.34411
2024-04-14 08:50:00,64512.18,64523.05,64500.0,64523.04,16.99493
2024-04-14 08:51:00,64523.04,64544.94,64468.26,64468.26,60.01595
2024-04-14 08:52:00,64468.26,64475.26,64425.41,64425.42,49.7298
2024-04-14 08:53:00,64425.41,64484.85,64417.0,64484.85,20.57819
2024-04-14 08:54:00,64484.85,64485.0,64473.8,64473.8,10.75169
2024-04-14 08:55:00,64473.81,64515.16,64438.06,64515.16,23.77495
2024-04-14 08:56:00,64515.16,64566.01,64515.15,64561.3,41.07237
2024-04-14 08:57:00,64561.3,64561.31,64462.15,64495.37,39.04852
2024-04-14 08:58:00,64495.38,64541.8,64480.26,64541.8,11.43048
2024-04-14 08:59:00,64541.79,64551.57,64530.66,64530.67,19.64612
2024-04-14 09:00:00,64530.67,64590.72,64523.69,64547.46,20.60919
2024-04-14 09:01:00,64547.45,64597.0,64541.65,64597.0,17.17716
2024-04-14 09:02:00,64596.99,64628.87,64578.41,64628.87,23.36635
2024-04-14 09:03:00,64628.86,64628.87,64579.38,64612.04,23.50737
2024-04-14 09:04:00,64612.05,64634.54,64597.93,64597.93,13.62377
2024-04-14 09:05:00,64597.94,64628.87,64515.15,64560.0,133.05215
2024-04-14 09:06:00,64560.0,64647.43,64559.99,64643.18,24.28865
2024-04-14 09:07:00,64643.17,64699.0,64623.94,64697.85,25.56323
2024-04-14 09:08:00,64697.85,64702.51,64685.23,64694.46,17.77192
2024-04-14 09:09:00,64694.46,64721.65,64547.06,64547.06,57.83901
2024-04-14 09:10:00,64547.07,64547.13,64393.86,64461.78,58.89174
2024-04-14 09:11:00,64461.78,64462.02,64381.94,64433.59,48.19768
2024-04-14 09:12:00,64433.6,64433.6,64350.52,64384.65,42.72556
2024-04-14 09:13:00,64384.65,64445.82,64353.49,64424.83,44.64119
2024-04-14 09:14:00,64424.82,64424.83,64392.07,64408.02,23.11122
2024-04-14 09:15:00,64408.01,64436.76,64357.0,64357.0,25.07478
2024-04-14 09:16:00,64357.0,64409.3,64299.83,64409.3,41.61149
2024-04-14 09:17:00,64409.29,64412.38,64354.4,64393.58,26.89967
2024-04-14 09:18:00,64393.58,64460.0,64393.57,64451.7,22.31002
2024-04-14 09:19:00,64451.7,64460.5,64393.93,64393.94,27.51971
2024-04-14 09:20:00,64393.94,64424.25,64336.65,64400.01,27.95474
2024-04-14 09:21:00,64400.01,64424.25,64371.2,64387.65,24.67405
2024-04-14 09:22:00,64387.64,64387.65,64300.0,64333.33,27.49137
2024-04-14 09:23:00,64333.33,64362.62,64302.18,64352.72,20.04934
2024-04-14 09:24:00,64352.71,64352.72,64300.19,64319.83,37.38105
2024-04-14 09:25:00,64319.82,64319.83,64247.51,64270.29,29.15577
2024-04-14 09:26:00,64270.28,64296.74,64195.88,64296.74,60.50993
2024-04-14 09:27:00,64296.73,64319.02,64282.86,64297.14,17.18949
2024-04-14 09:28:00,64297.13,64349.49,64282.87,64326.26,30.80136
2024-04-14 09:29:00,64326.26,64352.67,64326.26,64340.76,8.40253
2024-04-14 09:30:00,64340.76,64437.0,64334.1,64367.05,54.01816
2024-04-14 09:31:00,64367.04,64412.38,64364.13,64406.33,13.48889
2024-04-14 09:32:00,64406.33,64454.55,64406.33,64442.94,14.54881
2024-04-14 09:33:00,64442.94,64453.72,64326.88,64326.89,24.30129
2024-04-14 09:34:00,64326.88,64326.89,64204.18,64257.0,46.70921
2024-04-14 09:35:00,64257.0,64333.34,64227.11,64272.73,57.60114
2024-04-14 09:36:00,64272.73,64311.38,64177.5,64178.73,55.24236
2024-04-14 09:37:00,64178.72,64237.01,64129.38,64153.48,64.3945
2024-04-14 09:38:00,64153.48,64171.36,64060.6,64136.99,70.43398
2024-04-14 09:39:00,64136.99,64143.12,63908.31,63916.0,93.22416
2024-04-14 09:40:00,63916.0,64060.61,63915.99,64060.6,56.86575
2024-04-14 09:41:00,64060.6,64072.17,63937.0,63966.26,62.1621
2024-04-14 09:42:00,63966.26,64023.2,63940.29,64011.75,30.09703
2024-04-14 09:43:00,64011.76,64134.03,63994.24,64134.03,23.84692
2024-04-14 09:44:00,64134.03,64150.01,64082.22,64088.03,30.28867
2024-04-14 09:45:00,64088.04,64121.22,64051.59,64121.22,18.69123
2024-04-14 09:46:00,64121.22,64192.77,64101.98,64189.28,41.70172
2024-04-14 09:47:00,64189.27,64217.0,64140.93,64164.93,52.07725
2024-04-14 09:48:00,64164.93,64220.44,64118.59,64212.13,56.17026
2024-04-14 09:49:00,64212.12,64212.13,64166.67,64194.28,23.16004
2024-04-14 09:50:00,64194.27,64205.88,64121.21,64133.87,29.95529
2024-04-14 09:51:00,64133.87,64140.02,64103.09,64132.84,17.97666
2024-04-14 09:52:00,64132.84,64157.0,64118.2,64125.09,22.30581
2024-04-14 09:53:00,64125.09,64125.09,63970.14,63992.27,40.54685
2024-04-14 09:54:00,63992.27,64066.92,63983.44,64066.91,23.66661
2024-04-14 09:55:00,64066.91,64069.97,63954.83,63967.68,25.24992
2024-04-14 09:56:00,63967.67,63993.08,63961.99,63988.52,35.14925
2024-04-14 09:57:00,63988.53,64072.17,63975.53,64039.06,41.85619
2024-04-14 09:58:00,64039.06,64085.98,64039.05,64055.64,27.21923
2024-04-14 09:59:00,64055.64,64150.0,64055.64,64134.19,25.41658
2024-04-14 10:00:00,64134.18,64195.57,64134.18,64194.31,27.10961
2024-04-14 10:01:00,64194.31,64286.5,64179.26,64264.98,92.757
2024-04-14 10:02:00,64264.98,64282.3,64252.2,64262.36,27.76023
2024-04-14 10:03:00,64262.36,64262.36,64213.87,64218.5,24.20137
2024-04-14 10:04:00,64218.49,64341.85,64218.49,64341.85,25.8435
2024-04-14 10:05:00,64341.85,64345.94,64257.73,64259.65,23.46468
2024-04-14 10:06:00,64259.64,64280.01,64235.31,64235.31,14.06613
2024-04-14 10:07:00,64235.31,64240.02,64222.46,64222.47,13.08325
2024-04-14 10:08:00,64222.47,64272.73,64204.02,64235.82,43.38452
2024-04-14 10:09:00,64235.83,64265.24,64204.73,64248.13,29.50562
2024-04-14 10:10:00,64248.13,64294.46,64240.0,64279.01,31.58048
2024-04-14 10:11:00,64279.0,64327.03,64279.0,64305.41,27.0734
2024-04-14 10:12:00,64305.42,64319.59,64265.98,64288.36,47.93226
2024-04-14 10:13:00,64288.36,64320.87,64288.35,64307.36,18.90366
2024-04-14 10:14:00,64307.36,64316.45,64257.0,64303.04,15.5012
2024-04-14 10:15:00,64303.04,64328.19,64229.12,64246.65,21.78975
2024-04-14 10:16:00,64246.65,64287.99,64219.17,64282.01,35.08132
2024-04-14 10:17:00,64282.02,64298.82,64266.92,64281.18,20.22196
2024-04-14 10:18:00,64281.19,64294.62,64250.0,64250.01,14.69774
2024-04-14 10:19:00,64250.01,64250.01,64151.51,64161.04,52.41608
2024-04-14 10:20:00,64161.05,64195.87,64161.04,64182.01,15.89596
2024-04-14 10:21:00,64182.01,64195.15,64158.9,64158.9,21.495
2024-04-14 10:22:00,64158.9,64226.81,64158.9,64226.8,12.2233
2024-04-14 10:23:00,64226.8,64226.81,64194.0,64200.51,13.18526
2024-04-14 10:24:00,64200.52,64235.55,64200.51,64207.55,10.65388
2024-04-14 10:25:00,64207.55,64235.24,64191.05,64191.06,14.96118
2024-04-14 10:26:00,64191.05,64234.5,64191.05,64207.54,13.42087
2024-04-14 10:27:00,64207.55,64242.43,64207.54,64242.42,14.40273
2024-04-14 10:28:00,64242.42,64318.16,64242.42,64318.15,11.40941
2024-04-14 10:29:00,64318.15,64318.16,64287.15,64292.3,15.74117
2024-04-14 10:30:00,64292.29,64443.3,64292.29,64377.18,36.89875
2024-04-14 10:31:00,64377.18,64423.14,64350.9,64404.67,26.38489
2024-04-14 10:32:00,64404.68,64408.86,64397.0,64404.65,13.27753
2024-04-14 10:33:00,64404.65,64504.92,64404.64,64436.4,49.35675
2024-04-14 10:34:00,64436.4,64628.1,64425.85,64584.41,57.80828
2024-04-14 10:35:00,64584.41,64659.8,64567.01,64568.46,26.69368
2024-04-14 10:36:00,64568.47,64650.0,64537.0,64619.79,37.06381
2024-04-14 10:37:00,64619.79,64619.8,64585.26,64585.26,21.09021
2024-04-14 10:38:00,64585.27,64585.27,64515.15,64546.7,34.25241
2024-04-14 10:39:00,64546.7,64590.88,64542.62,64590.87,23.19239
2024-04-14 10:40:00,64590.88,64590.88,64520.02,64520.94,26.83417
2024-04-14 10:41:00,64520.95,64532.2,64496.99,64530.94,17.43978
2024-04-14 10:42:00,64530.93,64530.94,64511.94,64523.11,6.16272
2024-04-14 10:43:00,64523.1,64544.94,64499.79,64505.17,14.85716
2024-04-14 10:44:00,64505.16,64534.31,64505.16,64516.39,17.17132
2024-04-14 10:45:00,64516.38,64594.5,64511.94,64565.24,21.65851
2024-04-14 10:46:00,64565.25,64585.42,64530.0,64585.41,20.28307
2024-04-14 10:47:00,64585.42,64585.42,64521.34,64528.16,25.63988
2024-04-14 10:48:00,64528.15,64528.16,64452.19,64469.54,26.51748
2024-04-14 10:49:00,64469.54,64484.47,64435.42,64484.46,27.26022
2024-04-14 10:50:00,64484.47,64517.0,64484.46,64490.35,19.19165
2024-04-14 10:51:00,64490.34,64545.46,64490.34,64496.21,10.4576
2024-04-14 10:52:00,64496.22,64507.04,64482.78,64482.79,8.58809
2024-04-14 10:53:00,64482.78,64482.79,64446.77,64455.84,19.53678
2024-04-14 10:54:00,64455.84,64481.3,64455.84,64481.29,10.20561
2024-04-14 10:55:00,64481.3,64484.85,64437.0,64457.0,12.86731
2024-04-14 10:56:00,64457.0,64477.0,64440.78,64476.99,8.64173
2024-04-14 10:57:00,64476.99,64494.88,64459.38,64462.61,8.25469
2024-04-14 10:58:00,64462.61,64484.47,64459.38,64478.86,18.43859
2024-04-14 10:59:00,64478.86,64478.87,64443.29,64457.23,12.48515
2024-04-14 11:00:00,64457.23,64534.86,64457.22,64500.42,44.5702
2024-04-14 11:01:00,64500.42,64567.02,64496.09,64560.0,18.50818
2024-04-14 11:02:00,64560.0,64591.44,64515.15,64515.16,24.10809
2024-04-14 11:03:00,64515.15,64526.93,64323.17,64388.14,36.96696
2024-04-14 11:04:00,64388.14,64388.14,64320.0,64340.91,25.61139
2024-04-14 11:05:00,64340.92,64381.45,64315.89,64373.66,16.0816
2024-04-14 11:06:00,64373.66,64379.46,64315.16,64316.48,23.44176
2024-04-14 11:07:00,64316.48,64357.0,64226.8,64276.99,71.52764
2024-04-14 11:08:00,64277.0,64299.99,64248.71,64287.52,17.43155
2024-04-14 11:09:00,64287.53,64287.53,64228.36,64236.75,22.5249
2024-04-14 11:10:00,64236.75,64242.54,64220.37,64220.42,12.63721
2024-04-14 11:11:00,64220.43,64242.54,64181.81,64186.67,25.18147
2024-04-14 11:12:00,64186.66,64256.1,64181.81,64222.43,13.12494
2024-04-14 11:13:00,64222.44,64277.0,64222.43,64257.41,12.16842
2024-04-14 11:14:00,64257.4,64285.38,64220.83,64239.16,18.68001
2024-04-14 11:15:00,64239.15,64252.6,64164.94,64164.94,26.02393
2024-04-14 11:16:00,64164.94,64177.01,64050.0,64068.14,55.86619
2024-04-14 11:17:00,64068.14,64107.72,64053.47,64107.72,25.30885
2024-04-14 11:18:00,64107.71,64163.15,64097.0,64145.58,21.51404
2024-04-14 11:19:00,64145.58,64157.0,64119.99,64138.54,18.54721
2024-04-14 11:20:00,64138.54,64146.96,64107.8,64107.81,19.77465
2024-04-14 11:21:00,64107.81,64107.81,64026.05,64054.99,61.79098
2024-04-14 11:22:00,64054.98,64056.99,63979.38,63979.39,58.4209
2024-04-14 11:23:00,63979.39,64041.23,63979.38,63991.47,42.37966
2024-04-14 11:24:00,63991.75,64012.42,63989.26,64010.99,30.15932
2024-04-14 11:25:00,64010.98,64076.96,63963.0,63963.01,51.92601
2024-04-14 11:26:00,63963.0,63994.23,63942.29,63985.35,35.04606
2024-04-14 11:27:00,63985.34,64057.0,63954.64,64040.62,67.84769
2024-04-14 11:28:00,64040.62,64131.05,64040.62,64059.54,49.54429
2024-04-14 11:29:00,64059.53,64110.13,64059.53,64110.13,16.03857
2024-04-14 11:30:00,64110.13,64200.0,64110.12,64162.35,27.20888
2024-04-14 11:31:00,64162.35,64177.0,64151.51,64162.5,17.68198
2024-04-14 11:32:00,64162.5,64162.5,64072.16,64072.17,38.2048
2024-04-14 11:33:00,64072.17,64072.17,64000.0,64032.41,40.35796
2024-04-14 11:34:00,64032.41,64070.83,64032.17,64070.83,10.1833
2024-04-14 11:35:00,64070.82,64134.04,64064.78,64125.27,20.74995
2024-04-14 11:36:00,64125.27,64131.08,64073.09,64073.1,16.12512
2024-04-14 11:37:00,64073.1,64090.91,64057.01,64066.77,17.04773
2024-04-14 11:38:00,64066.77,64091.34,64048.06,64091.34,14.95867
2024-04-14 11:39:00,64091.34,64102.13,64050.0,64056.87,12.88139
2024-04-14 11:40:00,64056.88,64085.7,63999.99,64035.67,50.46391
2024-04-14 11:41:00,64035.66,64039.04,64010.3,64010.3,8.87397
2024-04-14 11:42:00,64010.31,64029.09,63977.0,64014.98,18.67759
2024-04-14 11:43:00,64014.98,64014.98,63960.2,63960.21,27.49364
2024-04-14 11:44:00,63960.2,64009.15,63855.45,63870.0,160.41355
2024-04-14 11:45:00,63869.99,63972.18,63869.99,63961.23,125.98142
2024-04-14 11:46:00,63961.22,64023.37,63961.22,63996.71,27.56734
2024-04-14 11:47:00,63996.71,63996.72,63943.76,63951.14,26.35993
2024-04-14 11:48:00,63951.14,64005.67,63928.82,63992.94,26.13551
2024-04-14 11:49:00,63992.93,64095.0,63987.17,64079.76,37.95175
2024-04-14 11:50:00,64079.77,64103.1,64048.78,64068.92,17.78798
2024-04-14 11:51:00,64068.93,64098.55,64035.66,64042.57,14.68068
2024-04-14 11:52:00,64042.57,64057.0,63976.94,64020.0,13.02114
2024-04-14 11:53:00,64019.99,64065.09,64008.46,64065.09,16.20535
2024-04-14 11:54:00,64065.08,64079.9,64051.26,64053.38,9.86939
2024-04-14 11:55:00,64053.39,64079.48,64023.9,64068.1,23.48848
2024-04-14 11:56:00,64068.1,64151.52,64068.1,64116.14,57.7284
2024-04-14 11:57:00,64116.13,64175.75,64116.13,64140.25,33.56536
2024-04-14 11:58:00,64140.25,64194.87,64134.02,64170.89,28.95422
2024-04-14 11:59:00,64170.89,64170.9,64144.78,64166.05,15.03784
2024-04-14 12:00:00,64166.05,64173.51,64134.02,64146.21,37.83308
2024-04-14 12:01:00,64146.21,64300.0,64146.2,64266.35,59.86278
2024-04-14 12:02:00,64266.35,64316.93,64252.81,64309.26,42.67431
2024-04-14 12:03:00,64309.25,64321.92,64260.0,64300.52,90.64734
2024-04-14 12:04:00,64300.52,64349.13,64300.52,64317.31,30.15624
2024-04-14 12:05:00,64317.3,64346.0,64272.71,64313.24,83.72044
2024-04-14 12:06:00,64313.24,64418.81,64313.23,64406.07,36.76338
2024-04-14 12:07:00,64406.08,64406.08,64351.17,64353.1,30.07703
2024-04-14 12:08:00,64353.1,64353.11,64282.0,64282.0,33.87454
2024-04-14 12:09:00,64282.01,64313.1,64269.99,64301.35,30.70736
2024-04-14 12:10:00,64301.35,64311.74,64151.51,64167.78,36.975
2024-04-14 12:11:00,64167.77,64177.0,64069.79,64144.47,43.71854
2024-04-14 12:12:00,64144.47,64231.71,64131.99,64220.83,18.08536
2024-04-14 12:13:00,64220.83,64226.81,64184.68,64184.69,21.51596
2024-04-14 12:14:00,64184.69,64225.8,64184.68,64213.56,15.20246
2024-04-14 12:15:00,64213.56,64332.98,64213.55,64307.14,21.95794
2024-04-14 12:16:00,64307.14,64424.08,64307.14,64424.08,54.07949
2024-04-14 12:17:00,64424.08,64424.08,64363.63,64399.52,46.60182
2024-04-14 12:18:00,64399.51,64471.3,64373.77,64394.91,30.71409
2024-04-14 12:19:00,64394.91,64403.29,64333.33,64364.22,48.17889
2024-04-14 12:20:00,64364.22,64412.74,64331.5,64412.74,34.29844
2024-04-14 12:21:00,64412.74,64412.74,64361.14,64372.04,18.79715
2024-04-14 12:22:00,64372.03,64372.04,64331.5,64364.21,23.72026
2024-04-14 12:23:00,64364.22,64365.59,64328.94,64332.74,19.92599
2024-04-14 12:24:00,64332.74,64332.74,64257.73,64301.32,23.09571
2024-04-14 12:25:00,64301.32,64330.23,64277.0,64293.41,19.76361
2024-04-14 12:26:00,64293.41,64329.07,64280.0,64318.89,15.41519
2024-04-14 12:27:00,64318.89,64330.23,64263.85,64276.12,17.35689
2024-04-14 12:28:00,64276.12,64297.0,64260.19,64282.15,14.20613
2024-04-14 12:29:00,64282.16,64300.0,64221.28,64230.82,37.93988
2024-04-14 12:30:00,64230.82,64288.66,64221.36,64230.8,45.37898
2024-04-14 12:31:00,64230.81,64350.52,64224.3,64324.86,34.95445
2024-04-14 12:32:00,64324.86,64367.86,64303.23,64345.29,20.85374
2024-04-14 12:33:00,64345.29,64371.65,64342.78,64366.69,13.51688
2024-04-14 12:34:00,64366.68,64370.11,64323.17,64323.18,15.06855
2024-04-14 12:35:00,64323.17,64353.66,64310.0,64353.66,10.35883
2024-04-14 12:36:00,64353.65,64443.3,64352.71,64377.0,33.94507
2024-04-14 12:37:00,64377.01,64445.0,64366.03,64421.55,29.30267
2024-04-14 12:38:00,64421.55,64467.61,64405.19,64464.16,16.80608
2024-04-14 12:39:00,64464.16,64464.17,64412.37,64415.57,22.19771
2024-04-14 12:40:00,64415.57,64507.0,64415.57,64484.88,26.1502
2024-04-14 12:41:00,64484.88,64484.88,64460.11,64465.73,9.91547
2024-04-14 12:42:00,64465.73,64477.03,64448.09,64459.06,12.49765
2024-04-14 12:43:00,64459.06,64466.23,64446.2,64446.2,7.97458
2024-04-14 12:44:00,64446.21,64505.16,64443.29,64492.26,24.49739
2024-04-14 12:45:00,64492.26,64696.97,64492.25,64667.92,79.63133
2024-04-14 12:46:00,64667.91,64752.58,64660.95,64752.58,57.26442
2024-04-14 12:47:00,64752.57,64777.0,64697.0,64757.0,38.39886
2024-04-14 12:48:00,64756.99,64820.0,64720.0,64819.99,37.71459
2024-04-14 12:49:00,64819.99,64848.49,64757.0,64763.18,45.94754
2024-04-14 12:50:00,64763.18,64771.98,64628.86,64637.82,39.64888
2024-04-14 12:51:00,64637.81,64690.72,64615.39,64615.39,64.69329
2024-04-14 12:52:00,64615.39,64672.41,64612.5,64637.01,38.44436
2024-04-14 12:53:00,64637.0,64637.01,64577.0,64605.88,32.81375
2024-04-14 12:54:00,64605.88,64605.89,64542.24,64576.99,18.86505
2024-04-14 12:55:00,64577.0,64577.0,64453.68,64487.67,22.52093
2024-04-14 12:56:00,64487.68,64487.68,64384.14,64459.76,37.65042
2024-04-14 12:57:00,64459.76,64459.76,64424.24,64449.08,24.56427
2024-04-14 12:58:00,64449.08,64505.16,64437.0,64487.55,13.57561
2024-04-14 12:59:00,64487.56,64532.8,64467.84,64525.25,14.77058
2024-04-14 13:00:00,64525.25,64585.26,64459.09,64459.09,27.21304
2024-04-14 13:01:00,64459.09,64536.09,64415.37,64436.99,31.6613
2024-04-14 13:02:00,64436.98,64460.57,64397.0,64426.8,16.50386
2024-04-14 13:03:00,64426.81,64454.05,64369.29,64401.42,26.86622
2024-04-14 13:04:00,64401.43,64443.3,64348.3,64423.99,30.5895
2024-04-14 13:05:00,64423.98,64567.02,64423.98,64567.01,26.39592
2024-04-14 13:06:00,64567.02,64666.67,64567.01,64612.44,65.8774
2024-04-14 13:07:00,64612.44,64747.77,64612.42,64747.76,44.09423
2024-04-14 13:08:00,64747.76,64845.37,64721.65,64830.36,70.96847
2024-04-14 13:09:00,64830.37,64830.37,64721.64,64721.64,27.97359
2024-04-14 13:10:00,64721.65,64800.0,64703.06,64771.33,27.49551
2024-04-14 13:11:00,64771.32,64771.33,64666.66,64670.3,15.0726
2024-04-14 13:12:00,64670.29,64749.35,64637.0,64749.34,24.26025
2024-04-14 13:13:00,64749.34,64757.58,64646.59,64646.6,35.61473
2024-04-14 13:14:00,64646.59,64717.48,64620.0,64693.81,37.43327
2024-04-14 13:15:00,64693.81,64783.51,64666.66,64721.65,30.42079
2024-04-14 13:16:00,64721.65,64730.35,64662.14,64686.06,24.5195
2024-04-14 13:17:00,64686.06,64727.28,64647.96,64688.67,19.00381
2024-04-14 13:18:00,64688.58,64688.58,64607.95,64612.98,19.43419
2024-04-14 13:19:00,64612.98,64623.63,64560.91,64584.84,25.13235
2024-04-14 13:20:00,64584.83,64603.71,64530.39,64597.31,45.90167
2024-04-14 13:21:00,64597.32,64690.73,64584.83,64621.85,44.07505
2024-04-14 13:22:00,64621.86,64621.86,64546.21,64556.01,23.76499
2024-04-14 13:23:00,64556.01,64586.27,64526.93,64576.93,34.85208
2024-04-14 13:24:00,64576.92,64610.32,64551.14,64551.14,21.34867
2024-04-14 13:25:00,64551.14,64656.91,64551.14,64615.0,31.71186
2024-04-14 13:26:00,64615.01,64624.65,64546.22,64546.23,39.68075
2024-04-14 13:27:00,64546.22,64597.57,64545.45,64594.73,22.34725
2024-04-14 13:28:00,64594.73,64617.0,64569.29,64581.05,20.66979
2024-04-14 13:29:00,64581.05,64597.9,64568.01,64597.9,8.69468
2024-04-14 13:30:00,64597.9,64642.36,64533.59,64545.01,32.86927
2024-04-14 13:31:00,64545.01,64551.9,64450.0,64471.03,30.55243
2024-04-14 13:32:00,64471.02,64518.15,64464.99,64511.18,23.68445
2024-04-14 13:33:00,64511.18,64577.0,64511.18,64537.02,23.44834
2024-04-14 13:34:00,64537.02,64550.3,64509.07,64518.07,10.02417
2024-04-14 13:35:00,64518.07,64518.07,64396.41,64407.51,62.76842
2024-04-14 13:36:00,64407.51,64491.22,64407.18,64491.22,28.51547
2024-04-14 13:37:00,64491.21,64505.16,64467.94,64484.46,19.88149
2024-04-14 13:38:00,64484.47,64521.0,64474.22,64497.0,24.3569
2024-04-14 13:39:00,64496.99,64509.7,64474.25,64478.02,16.76114
2024-04-14 13:40:00,64478.03,64515.16,64457.86,64473.56,23.9169
2024-04-14 13:41:00,64473.55,64481.73,64401.1,64448.51,47.09121
2024-04-14 13:42:00,64448.52,64448.52,64414.44,64419.99,10.06144
2024-04-14 13:43:00,64419.99,64454.55,64419.99,64454.52,15.21174
2024-04-14 13:44:00,64454.53,64484.85,64445.12,64464.3,24.78142
2024-04-14 13:45:00,64464.3,64567.02,64452.64,64567.01,27.14581
2024-04-14 13:46:00,64567.02,64567.02,64506.09,64517.21,8.15472
2024-04-14 13:47:00,64517.22,64557.0,64476.99,64481.24,12.5974
2024-04-14 13:48:00,64481.25,64481.25,64350.51,64437.0,70.12155
2024-04-14 13:49:00,64437.0,64443.3,64363.63,64368.31,35.01812
2024-04-14 13:50:00,64368.31,64397.0,64368.22,64378.63,20.61771
2024-04-14 13:51:00,64378.63,64424.25,64367.2,64410.52,21.92671
2024-04-14 13:52:00,64410.52,64411.79,64346.0,64377.01,57.30091
2024-04-14 13:53:00,64377.0,64395.93,64359.21,64372.04,23.144
2024-04-14 13:54:00,64372.05,64424.25,64372.04,64424.25,16.80254
2024-04-14 13:55:00,64424.25,64445.0,64397.0,64439.11,9.45036
2024-04-14 13:56:00,64439.1,64467.9,64417.0,64467.9,20.7872
2024-04-14 13:57:00,64467.9,64467.9,64387.86,64403.89,29.14468
2024-04-14 13:58:00,64403.88,64409.47,64384.99,64385.0,14.29813
2024-04-14 13:59:00,64385.0,64410.0,64373.42,64373.42,10.68908
2024-04-14 14:00:00,64373.43,64400.0,64346.0,64346.0,24.78473
2024-04-14 14:01:00,64346.01,64346.01,64257.0,64267.73,47.67232
2024-04-14 14:02:00,64267.73,64288.66,64190.39,64222.0,72.15454
2024-04-14 14:03:00,64222.0,64222.0,64027.69,64115.82,99.94921
2024-04-14 14:04:00,64115.82,64164.78,64006.01,64024.89,84.36706
2024-04-14 14:05:00,64024.89,64083.78,63969.69,64051.27,66.67861
2024-04-14 14:06:00,64051.27,64051.27,64001.97,64014.06,34.69999
2024-04-14 14:07:00,64014.06,64045.0,63909.09,63929.99,72.79503
2024-04-14 14:08:00,63930.0,64067.47,63914.31,64067.46,69.29936
2024-04-14 14:09:00,64067.47,64120.0,63988.41,64014.05,83.32447
2024-04-14 14:10:00,64014.06,64136.0,63999.99,64135.99,86.75567
2024-04-14 14:11:00,64136.0,64164.95,64020.55,64042.35,88.9343
2024-04-14 14:12:00,64042.35,64058.45,63957.32,64023.88,60.31386
2024-04-14 14:13:00,64023.88,64053.98,63982.0,64015.1,58.37682
2024-04-14 14:14:00,64015.11,64057.0,64010.3,64036.56,41.58913
2024-04-14 14:15:00,64036.56,64090.0,64025.77,64082.17,60.39895
2024-04-14 14:16:00,64082.17,64100.0,64050.74,64050.74,62.165
2024-04-14 14:17:00,64050.74,64110.0,64031.95,64063.96,79.43105
2024-04-14 14:18:00,64063.95,64107.4,64011.13,64045.74,103.60722
2024-04-14 14:19:00,64045.74,64045.75,63896.32,63908.83,122.93673
2024-04-14 14:20:00,63908.83,64021.73,63890.0,64000.73,47.14335
2024-04-14 14:21:00,64000.73,64055.0,63957.31,63957.31,76.53789
2024-04-14 14:22:00,63957.31,64007.49,63899.01,64002.98,146.92907
2024-04-14 14:23:00,64002.98,64010.31,63891.04,63940.27,126.15741
2024-04-14 14:24:00,63940.26,63975.84,63899.99,63915.41,81.24262
2024-04-14 14:25:00,63915.42,63951.9,63797.3,63839.15,158.25568
2024-04-14 14:26:00,63839.14,63980.77,63799.99,63944.43,134.23875
2024-04-14 14:27:00,63944.44,63960.2,63860.6,63871.25,47.14771
2024-04-14 14:28:00,63871.26,63962.84,63867.24,63957.48,29.3147
2024-04-14 14:29:00,63957.48,64000.0,63957.0,63999.99,60.40498
2024-04-14 14:30:00,63999.99,64134.03,63999.99,64094.05,59.925
2024-04-14 14:31:00,64094.06,64142.96,64072.16,64142.96,37.05591
2024-04-14 14:32:00,64142.96,64180.0,64100.0,64100.01,44.55432
2024-04-14 14:33:00,64100.0,64162.23,64072.25,64162.22,37.4117
2024-04-14 14:34:00,64162.23,64162.71,63957.31,63957.31,98.58107
2024-04-14 14:35:00,63957.32,64057.0,63950.0,63956.64,60.35367
2024-04-14 14:36:00,63956.64,63982.38,63612.0,63703.55,192.15122
2024-04-14 14:37:00,63703.54,63714.33,63520.0,63575.87,158.53064
2024-04-14 14:38:00,63567.4,63650.22,63437.55,63475.55,429.03325
2024-04-14 14:39:00,63475.55,63657.0,63475.54,63656.99,255.80677
2024-04-14 14:40:00,63657.0,64007.14,63655.59,63939.4,182.5389
2024-04-14 14:41:00,63939.39,63961.52,63843.62,63920.1,97.42397
2024-04-14 14:42:00,63920.1,63920.11,63762.88,63777.99,161.14684
2024-04-14 14:43:00,63777.98,63780.67,63599.95,63689.41,312.76872
2024-04-14 14:44:00,63689.41,63835.49,63688.15,63835.48,58.37232
2024-04-14 14:45:00,63835.49,63901.8,63788.4,63901.79,80.67479
2024-04-14 14:46:00,63901.8,63930.01,63662.17,63698.59,132.71134
2024-04-14 14:47:00,63698.58,63803.24,63626.83,63735.39,99.87238
2024-04-14 14:48:00,63735.39,63782.89,63671.64,63713.03,38.849
2024-04-14 14:49:00,63713.02,63749.62,63648.21,63684.02,73.38717
2024-04-14 14:50:00,63684.02,63749.49,63654.11,63740.17,61.61044
2024-04-14 14:51:00,63740.18,63840.98,63729.09,63793.81,66.79253
2024-04-14 14:52:00,63793.81,63847.65,63775.94,63827.61,34.73657
2024-04-14 14:53:00,63827.61,63844.7,63731.95,63766.13,37.76319
2024-04-14 14:54:00,63766.14,63824.75,63705.52,63809.86,44.36471
2024-04-14 14:55:00,63809.86,63900.0,63774.4,63899.99,47.75321
2024-04-14 14:56:00,63900.0,63954.37,63880.59,63897.14,42.16001
2024-04-14 14:57:00,63897.13,63897.14,63844.3,63886.6,27.30062
2024-04-14 14:58:00,63886.6,63909.1,63829.98,63909.1,26.96272
2024-04-14 14:59:00,63909.09,63969.33,63886.61,63918.01,38.49946
2024-04-14 15:00:00,63918.02,63983.54,63900.0,63979.33,39.58941
2024-04-14 15:01:00,63979.32,64051.91,63949.87,64008.28,55.07905
2024-04-14 15:02:00,64008.28,64146.86,64008.27,64069.87,70.52669
2024-04-14 15:03:00,64069.87,64073.44,63992.34,64051.77,32.74217
2024-04-14 15:04:00,64051.77,64103.1,64020.79,64097.3,21.17142
2024-04-14 15:05:00,64097.29,64156.39,64091.48,64156.38,39.62373
2024-04-14 15:06:00,64156.38,64156.39,64093.97,64107.03,27.36784
2024-04-14 15:07:00,64107.02,64107.03,64041.24,64066.45,25.77064
2024-04-14 15:08:00,64066.45,64097.0,64025.32,64025.33,14.95451
2024-04-14 15:09:00,64025.32,64057.0,64004.19,64012.5,20.09958
2024-04-14 15:10:00,64012.51,64072.17,64000.0,64052.33,28.44055
2024-04-14 15:11:00,64052.34,64134.03,64052.33,64097.0,43.60422
2024-04-14 15:12:00,64097.01,64114.57,64037.0,64037.0,13.47997
2024-04-14 15:13:00,64037.01,64042.4,63979.38,63981.8,17.17138
2024-04-14 15:14:00,63981.81,64028.66,63941.11,64006.31,25.57336
2024-04-14 15:15:00,64006.31,64100.0,63989.99,64090.24,29.14726
2024-04-14 15:16:00,64090.24,64147.61,64084.26,64107.11,32.60864
2024-04-14 15:17:00,64107.11,64115.33,64067.27,64114.58,13.47358
2024-04-14 15:18:00,64114.57,64144.14,64097.0,64144.14,6.31016
2024-04-14 15:19:00,64144.13,64144.14,64049.01,64053.98,17.50264
2024-04-14 15:20:00,64053.98,64053.99,63957.24,63959.87,21.33919
2024-04-14 15:21:00,63959.88,64072.17,63931.38,64052.46,37.91658
2024-04-14 15:22:00,64052.46,64057.0,64005.03,64024.75,11.43468
2024-04-14 15:23:00,64024.75,64070.02,64012.13,64033.58,20.44815
2024-04-14 15:24:00,64033.57,64063.88,63999.99,64037.01,15.36509
2024-04-14 15:25:00,64037.01,64347.37,64021.03,64257.73,93.86306
2024-04-14 15:26:00,64257.73,64375.0,64246.54,64272.72,43.38998
2024-04-14 15:27:00,64272.72,64275.4,64212.12,64212.5,22.26785
2024-04-14 15:28:00,64212.51,64345.44,64210.99,64344.24,23.4716
2024-04-14 15:29:00,64344.23,64450.0,64327.39,64327.39,44.50119
2024-04-14 15:30:00,64327.4,64475.37,64318.62,64424.24,63.56773
2024-04-14 15:31:00,64424.25,64424.25,64319.58,64341.15,36.75312
2024-04-14 15:32:00,64341.15,64341.15,64263.06,64282.03,22.55739
2024-04-14 15:33:00,64282.04,64297.0,64216.67,64236.66,16.54262
2024-04-14 15:34:00,64236.65,64236.66,64143.7,64145.91,26.63958
2024-04-14 15:35:00,64145.9,64181.81,64091.85,64174.34,35.5473
2024-04-14 15:36:00,64174.34,64212.13,64135.01,64176.52,28.47055
2024-04-14 15:37:00,64176.51,64250.0,64169.17,64201.86,33.78067
2024-04-14 15:38:00,64201.87,64220.62,64167.7,64188.46,14.66346
2024-04-14 15:39:00,64188.46,64197.0,64124.52,64124.53,8.92805
2024-04-14 15:40:00,64124.53,64127.04,64034.74,64052.3,23.25343
2024-04-14 15:41:00,64052.29,64097.0,64020.21,64057.0,32.54326
2024-04-14 15:42:00,64057.0,64109.76,64056.99,64094.39,10.46276
2024-04-14 15:43:00,64094.38,64116.94,64061.67,64100.73,14.77418
2024-04-14 15:44:00,64100.72,64106.21,64087.87,64106.2,7.05879
2024-04-14 15:45:00,64106.21,64119.28,64066.77,64114.43,15.5861
2024-04-14 15:46:00,64114.44,64212.13,64114.43,64155.87,13.66853
2024-04-14 15:47:00,64155.86,64158.49,64122.06,64144.45,23.73106
2024-04-14 15:48:00,64144.46,64210.0,64142.29,64188.45,13.12248
2024-04-14 15:49:00,64188.45,64188.46,64057.0,64070.91,23.19403
2024-04-14 15:50:00,64070.92,64109.76,64029.08,64109.76,26.0771
2024-04-14 15:51:00,64109.75,64137.0,64080.6,64136.99,21.54062
2024-04-14 15:52:00,64137.0,64164.39,64072.16,64086.7,21.0401
2024-04-14 15:53:00,64086.71,64116.14,64056.91,64077.0,26.84417
2024-04-14 15:54:00,64077.0,64090.91,64058.32,64072.92,10.36181
2024-04-14 15:55:00,64072.92,64097.0,64006.9,64096.99,40.97119
2024-04-14 15:56:00,64096.99,64149.17,64091.03,64108.43,13.92156
2024-04-14 15:57:00,64108.44,64151.52,64043.7,64151.51,28.90052
2024-04-14 15:58:00,64151.52,64200.0,64151.51,64157.0,15.96821
2024-04-14 15:59:00,64157.0,64185.49,64151.51,64180.97,14.76036
2024-04-14 16:00:00,64180.98,64228.43,64126.03,64228.43,21.4134
2024-04-14 16:01:00,64228.42,64281.94,64219.11,64242.31,31.43772
2024-04-14 16:02:00,64242.3,64281.03,64235.64,64281.03,14.00988
2024-04-14 16:03:00,64281.03,64342.31,64262.63,64281.69,25.70605
2024-04-14 16:04:00,64281.7,64281.7,64182.83,64255.0,26.00749
2024-04-14 16:05:00,64254.99,64319.59,64249.92,64318.51,26.20686
2024-04-14 16:06:00,64318.52,64345.98,64269.17,64281.62,30.85594
2024-04-14 16:07:00,64281.62,64353.66,64272.75,64349.13,31.46581
2024-04-14 16:08:00,64349.12,64374.12,64297.0,64358.0,16.83376
2024-04-14 16:09:00,64358.0,64393.94,64333.33,64351.79,22.16355
2024-04-14 16:10:00,64351.8,64360.98,64288.65,64312.5,17.13578
2024-04-14 16:11:00,64312.5,64345.0,64277.01,64323.71,20.5987
2024-04-14 16:12:00,64323.71,64350.51,64281.18,64330.0,19.72945
2024-04-14 16:13:00,64329.99,64371.31,64301.51,64301.52,27.8468
2024-04-14 16:14:00,64301.52,64363.64,64301.51,64349.73,15.50143
2024-04-14 16:15:00,64349.73,64424.19,64349.72,64418.55,22.99411
2024-04-14 16:16:00,64418.54,64443.3,64350.51,64440.33,28.50858
2024-04-14 16:17:00,64440.33,64533.13,64420.0,64483.12,36.03008
2024-04-14 16:18:00,64483.13,64483.13,64388.0,64388.02,30.15933
2024-04-14 16:19:00,64388.02,64403.11,64334.32,64403.11,18.14649
2024-04-14 16:20:00,64403.12,64424.26,64337.0,64424.25,35.15344
2024-04-14 16:21:00,64424.25,64465.98,64357.0,64372.56,32.53605
2024-04-14 16:22:00,64372.56,64433.87,64372.55,64418.1,21.62193
2024-04-14 16:23:00,64418.09,64473.51,64402.15,64414.73,20.04036
2024-04-14 16:24:00,64414.73,64522.29,64408.12,64486.8,49.22282
2024-04-14 16:25:00,64486.8,64600.0,64477.0,64572.3,39.22649
2024-04-14 16:26:00,64572.31,64635.31,64545.45,64605.13,48.29778
2024-04-14 16:27:00,64605.12,64683.74,64605.12,64651.47,47.06134
2024-04-14 16:28:00,64651.48,64697.0,64608.79,64610.93,30.6522
2024-04-14 16:29:00,64610.94,64636.37,64582.83,64628.73,22.43147
2024-04-14 16:30:00,64628.73,64645.0,64541.74,64586.09,30.25617
2024-04-14 16:31:00,64586.09,64747.25,64559.41,64684.14,71.76294
2024-04-14 16:32:00,64684.14,64684.14,64620.0,64620.01,21.81952
2024-04-14 16:33:00,64620.0,64622.73,64545.69,64545.7,37.48182
2024-04-14 16:34:00,64545.71,64595.34,64531.94,64531.95,16.73463
2024-04-14 16:35:00,64531.95,64611.92,64531.85,64601.13,16.15779
2024-04-14 16:36:00,64601.13,64616.99,64550.95,64578.54,19.04954
2024-04-14 16:37:00,64578.53,64617.0,64550.56,64581.07,21.08696
2024-04-14 16:38:00,64581.06,64587.7,64531.95,64557.55,24.22253
2024-04-14 16:39:00,64557.54,64561.86,64461.64,64462.85,21.64638
2024-04-14 16:40:00,64462.85,64464.24,64389.69,64420.0,30.86398
2024-04-14 16:41:00,64419.99,64432.31,64384.6,64397.39,20.9651
2024-04-14 16:42:00,64397.38,64422.93,64358.39,64420.7,29.94124
2024-04-14 16:43:00,64420.69,64460.59,64407.18,64445.41,17.10782
2024-04-14 16:44:00,64445.41,64451.86,64426.81,64439.92,23.31558
2024-04-14 16:45:00,64439.92,64484.85,64412.41,64412.41,36.90724
2024-04-14 16:46:00,64412.42,64429.86,64344.31,64344.31,17.88231
2024-04-14 16:47:00,64344.31,64369.38,64319.61,64346.78,17.30157
2024-04-14 16:48:00,64346.78,64358.46,64324.33,64353.54,13.39536
2024-04-14 16:49:00,64353.54,64393.42,64319.58,64393.41,11.10061
2024-04-14 16:50:00,64393.42,64412.38,64352.46,64393.93,19.79213
2024-04-14 16:51:00,64393.93,64424.25,64350.64,64383.66,17.56287
2024-04-14 16:52:00,64383.65,64422.46,64372.04,64419.65,8.04429
2024-04-14 16:53:00,64419.65,64440.0,64410.45,64419.25,7.44551
2024-04-14 16:54:00,64419.25,64434.16,64363.33,64389.0,16.4192
2024-04-14 16:55:00,64389.0,64433.71,64366.43,64433.7,23.76074
2024-04-14 16:56:00,64433.7,64449.99,64420.0,64420.0,9.94955
2024-04-14 16:57:00,64420.0,64442.59,64377.02,64377.02,9.69691
2024-04-14 16:58:00,64377.03,64405.36,64363.33,64405.35,10.46507
2024-04-14 16:59:00,64405.36,64412.38,64374.23,64412.37,7.24577
2024-04-14 17:00:00,64412.38,64450.0,64403.83,64439.12,14.07177
2024-04-14 17:01:00,64439.12,64460.1,64402.99,64403.0,16.61163
2024-04-14 17:02:00,64403.0,64416.95,64370.0,64385.58,16.22555
2024-04-14 17:03:00,64385.58,64420.0,64381.44,64420.0,18.83256
2024-04-14 17:04:00,64420.0,64465.64,64417.01,64457.0,21.06307
2024-04-14 17:05:00,64457.0,64580.01,64456.99,64494.97,33.09177
2024-04-14 17:06:00,64494.97,64545.46,64474.28,64545.46,18.74233
2024-04-14 17:07:00,64545.46,64545.46,64486.05,64507.98,12.19736
2024-04-14 17:08:00,64507.97,64545.46,64488.74,64538.42,12.27231
2024-04-14 17:09:00,64538.42,64567.02,64525.92,64525.92,9.68483
2024-04-14 17:10:00,64525.92,64536.3,64474.22,64484.78,15.23732
2024-04-14 17:11:00,64484.79,64497.0,64265.23,64265.24,46.74113
2024-04-14 17:12:00,64265.23,64275.09,63971.81,64012.64,164.53993
2024-04-14 17:13:00,64012.65,64022.61,63582.08,63676.99,206.12366
2024-04-14 17:14:00,63676.99,63810.0,63620.06,63757.0,108.34245
2024-04-14 17:15:00,63757.0,63919.07,63575.0,63575.0,164.28081
2024-04-14 17:16:00,63575.0,63657.0,63503.0,63626.64,136.68547
2024-04-14 17:17:00,63626.64,63664.22,63431.02,63444.49,187.09864
2024-04-14 17:18:00,63444.49,63582.09,63350.51,63511.45,168.35623
2024-04-14 17:19:00,63511.45,63634.2,63480.46,63551.62,54.5821
2024-04-14 17:20:00,63551.61,63555.71,63246.69,63330.66,143.13824
2024-04-14 17:21:00,63330.67,63383.04,63067.56,63137.0,198.80501
2024-04-14 17:22:00,63137.01,63187.61,62868.79,62879.27,286.00056
2024-04-14 17:23:00,62879.28,62981.13,62777.3,62860.09,182.909
2024-04-14 17:24:00,62860.09,62865.98,62645.89,62751.46,134.03923
2024-04-14 17:25:00,62751.46,62773.2,62573.66,62699.99,210.18809
2024-04-14 17:26:00,62699.99,63115.14,62699.99,63064.06,160.3478
2024-04-14 17:27:00,63064.06,63199.99,63020.62,63097.07,142.15726
2024-04-14 17:28:00,63097.07,63097.07,62860.0,62931.7,153.40613
2024-04-14 17:29:00,62931.71,63181.82,62931.7,63113.42,99.30466
2024-04-14 17:30:00,63113.42,63745.56,63077.0,63498.11,327.07814
2024-04-14 17:31:00,63501.69,64030.31,63479.4,63881.06,277.07271
2024-04-14 17:32:00,63881.06,64026.66,63701.49,63952.87,185.84287
2024-04-14 17:33:00,63952.86,63968.85,63733.33,63744.54,121.04899
2024-04-14 17:34:00,63744.54,63817.0,63697.05,63725.47,49.48066
2024-04-14 17:35:00,63725.47,63737.0,63555.55,63571.52,70.94411
2024-04-14 17:36:00,63571.53,63717.0,63571.52,63693.77,75.16539
2024-04-14 17:37:00,63693.76,64212.13,63677.89,64026.32,203.85575
2024-04-14 17:38:00,64026.31,64026.32,63820.89,63848.47,199.4538
2024-04-14 17:39:00,63848.48,63964.03,63848.47,63893.8,65.01311
2024-04-14 17:40:00,63893.8,63936.85,63791.04,63892.95,92.6831
2024-04-14 17:41:00,63892.95,63947.24,63855.54,63923.71,76.27045
2024-04-14 17:42:00,63923.7,63946.09,63860.26,63935.79,76.86108
2024-04-14 17:43:00,63935.79,64063.16,63926.82,64048.8,33.34682
2024-04-14 17:44:00,64048.8,64048.8,63859.88,63874.29,67.88606
2024-04-14 17:45:00,63874.3,64039.32,63868.73,63897.0,87.50765
2024-04-14 17:46:00,63897.0,63962.17,63871.54,63928.66,75.72121
2024-04-14 17:47:00,63928.66,63956.83,63847.48,63940.59,68.48611
2024-04-14 17:48:00,63940.58,63940.59,63857.0,63858.51,33.9381
2024-04-14 17:49:00,63858.51,63884.29,63608.24,63677.15,71.18616
2024-04-14 17:50:00,63677.16,63957.0,63579.99,63951.65,99.23259
2024-04-14 17:51:00,63951.65,64025.62,63878.78,63878.78,48.89183
2024-04-14 17:52:00,63878.79,63909.1,63807.61,63879.94,53.76182
2024-04-14 17:53:00,63879.95,63886.93,63762.88,63810.96,38.34083
2024-04-14 17:54:00,63810.95,63839.56,63777.0,63819.94,28.4618
2024-04-14 17:55:00,63819.95,63845.66,63683.02,63699.97,31.30778
2024-04-14 17:56:00,63699.96,63871.39,63689.47,63851.37,42.81048
2024-04-14 17:57:00,63851.37,63872.94,63764.95,63782.49,26.50911
2024-04-14 17:58:00,63782.5,63867.43,63782.49,63855.09,18.63225
2024-04-14 17:59:00,63855.09,63924.73,63850.68,63868.58,24.69821
2024-04-14 18:00:00,63868.57,63937.0,63848.48,63936.99,26.89641
2024-04-14 18:01:00,63937.0,64011.99,63857.79,63857.79,51.29019
2024-04-14 18:02:00,63857.8,63907.54,63808.89,63826.73,36.33467
2024-04-14 18:03:00,63826.74,63855.67,63757.0,63763.47,24.39471
2024-04-14 18:04:00,63763.48,63845.21,63762.2,63824.35,26.17731
2024-04-14 18:05:00,63824.35,63848.49,63762.88,63846.69,54.0534
2024-04-14 18:06:00,63846.7,64030.31,63821.61,63946.58,35.63915
2024-04-14 18:07:00,63946.59,63997.0,63937.0,63948.46,22.9242
2024-04-14 18:08:00,63948.46,64131.0,63904.68,64113.68,59.70969
2024-04-14 18:09:00,64113.68,64181.2,64090.9,64103.11,56.25847
2024-04-14 18:10:00,64103.11,64170.74,64084.67,64145.34,39.29581
2024-04-14 18:11:00,64145.35,64305.28,64142.62,64228.29,66.43471
2024-04-14 18:12:00,64228.28,64346.36,64188.45,64318.64,52.25076
2024-04-14 18:13:00,64318.64,64363.64,64174.54,64242.56,52.46443
2024-04-14 18:14:00,64242.56,64344.43,64238.46,64257.74,29.73594
2024-04-14 18:15:00,64257.75,64332.89,64195.87,64198.25,56.67017
2024-04-14 18:16:00,64198.25,64416.44,64198.25,64317.0,57.54965
2024-04-14 18:17:00,64317.01,64350.52,64220.0,64294.89,61.93578
2024-04-14 18:18:00,64294.9,64319.59,64234.14,64234.14,22.79285
2024-04-14 18:19:00,64234.15,64246.29,64201.21,64210.03,25.10929
2024-04-14 18:20:00,64210.04,64217.0,64106.27,64164.8,26.13123
2024-04-14 18:21:00,64164.8,64170.0,64080.1,64107.11,54.11315
2024-04-14 18:22:00,64107.11,64212.13,64100.77,64136.77,25.79019
2024-04-14 18:23:00,64136.76,64246.28,64136.76,64233.65,33.78899
2024-04-14 18:24:00,64233.66,64299.62,64233.65,64279.99,32.18823
2024-04-14 18:25:00,64279.99,64300.0,64242.42,64300.0,34.11707
2024-04-14 18:26:00,64300.0,64344.78,64266.07,64344.78,31.43608
2024-04-14 18:27:00,64344.78,64363.62,64311.17,64345.04,36.84049
2024-04-14 18:28:00,64345.03,64393.36,64318.28,64370.09,28.7499
2024-04-14 18:29:00,64370.1,64443.3,64280.01,64333.38,84.92673
2024-04-14 18:30:00,64333.37,64500.0,64312.98,64480.41,78.78106
2024-04-14 18:31:00,64480.43,64625.08,64454.54,64476.55,72.95354
2024-04-14 18:32:00,64476.54,64544.21,64476.54,64507.09,25.52886
2024-04-14 18:33:00,64507.08,64535.7,64457.0,64462.62,39.05938
2024-04-14 18:34:00,64462.63,64695.4,64462.62,64650.8,66.88283
2024-04-14 18:35:00,64650.81,64687.89,64578.54,64660.02,36.81036
2024-04-14 18:36:00,64660.03,64678.76,64538.33,64597.57,43.48437
2024-04-14 18:37:00,64597.56,64606.07,64545.45,64545.46,15.90041
2024-04-14 18:38:00,64545.46,64545.46,64474.22,64500.37,22.14464
2024-04-14 18:39:00,64500.38,64563.42,64484.84,64552.3,25.69561
2024-04-14 18:40:00,64552.29,64590.0,64507.4,64520.57,18.18292
2024-04-14 18:41:00,64520.58,64537.0,64454.54,64480.6,25.90529
2024-04-14 18:42:00,64480.61,64514.63,64480.0,64484.86,14.14663
2024-04-14 18:43:00,64484.87,64550.0,64474.22,64549.99,22.87009
2024-04-14 18:44:00,64550.0,64550.0,64505.15,64505.16,7.79782
2024-04-14 18:45:00,64505.15,64537.0,64414.49,64418.93,19.98191
2024-04-14 18:46:00,64418.94,64454.55,64417.0,64452.54,14.06862
2024-04-14 18:47:00,64452.54,64465.98,64350.51,64427.36,32.60409
2024-04-14 18:48:00,64427.37,64427.37,64377.0,64410.46,12.45603
2024-04-14 18:49:00,64410.46,64424.25,64390.03,64403.06,9.29207
2024-04-14 18:50:00,64403.06,64414.64,64377.01,64394.59,14.49611
2024-04-14 18:51:00,64394.59,64477.01,64394.58,64470.57,13.82
2024-04-14 18:52:00,64470.57,64545.47,64445.12,64445.13,37.15175
2024-04-14 18:53:00,64445.12,64477.0,64430.7,64468.87,16.56756
2024-04-14 18:54:00,64468.88,64497.0,64466.95,64497.0,5.14671
2024-04-14 18:55:00,64496.99,64526.02,64455.88,64455.89,10.82472
2024-04-14 18:56:00,64455.88,64455.89,64393.93,64393.93,13.88295
2024-04-14 18:57:00,64393.94,64397.02,64366.0,64397.02,16.33417
2024-04-14 18:58:00,64397.01,64398.08,64351.93,64368.54,10.68892
2024-04-14 18:59:00,64368.53,64412.38,64368.53,64397.67,11.04503
2024-04-14 19:00:00,64397.67,64474.23,64387.77,64448.33,18.07404
2024-04-14 19:01:00,64448.33,64457.42,64319.58,64319.59,36.48243
2024-04-14 19:02:00,64319.58,64319.59,64220.5,64231.19,46.34573
2024-04-14 19:03:00,64231.18,64264.62,64199.99,64264.61,17.3304
2024-04-14 19:04:00,64264.62,64264.62,64151.03,64201.73,34.37313
2024-04-14 19:05:00,64201.72,64207.82,64166.3,64185.5,10.0187
2024-04-14 19:06:00,64185.49,64226.81,64171.26,64174.82,21.53439
2024-04-14 19:07:00,64174.82,64184.73,64137.0,64170.73,12.52811
2024-04-14 19:08:00,64170.73,64177.0,64119.63,64127.85,19.86448
2024-04-14 19:09:00,64127.85,64149.44,64127.85,64149.43,8.09939
2024-04-14 19:10:00,64149.43,64195.72,64125.81,64143.62,17.9598
2024-04-14 19:11:00,64143.63,64177.0,64143.62,64177.0,9.48984
2024-04-14 19:12:00,64176.99,64239.57,64176.99,64217.0,9.13763
2024-04-14 19:13:00,64217.0,64220.82,64205.28,64205.85,4.21943
2024-04-14 19:14:00,64205.85,64205.86,64079.26,64097.15,23.53749
2024-04-14 19:15:00,64097.14,64107.11,63970.14,64038.38,59.30931
2024-04-14 19:16:00,64038.38,64181.82,64036.12,64084.77,34.47766
2024-04-14 19:17:00,64084.76,64109.76,64076.4,64109.59,23.33728
2024-04-14 19:18:00,64109.59,64121.21,64087.28,64109.46,27.16858
2024-04-14 19:19:00,64109.47,64116.15,64090.0,64110.43,13.32029
2024-04-14 19:20:00,64110.44,64130.35,64050.83,64050.83,20.15002
2024-04-14 19:21:00,64050.83,64103.08,64010.3,64103.08,23.96671
2024-04-14 19:22:00,64103.08,64156.99,64087.2,64096.4,15.88256
2024-04-14 19:23:00,64096.41,64098.81,64033.69,64072.16,12.90807
2024-04-14 19:24:00,64072.16,64097.0,64019.45,64022.33,12.26412
2024-04-14 19:25:00,64022.33,64043.2,63940.3,63948.58,31.40828
2024-04-14 19:26:00,63948.58,64009.63,63948.57,64009.61,15.06279
2024-04-14 19:27:00,64009.62,64009.62,63978.66,64001.99,21.51882
2024-04-14 19:28:00,64001.99,64030.31,63948.45,64030.31,29.42442
2024-04-14 19:29:00,64030.31,64030.31,63999.99,64004.56,10.57975
2024-04-14 19:30:00,64004.57,64193.27,63957.31,64142.48,39.39326
2024-04-14 19:31:00,64142.48,64156.29,64124.56,64144.94,17.93701
2024-04-14 19:32:00,64144.94,64192.61,64134.5,64192.6,12.66605
2024-04-14 19:33:00,64192.6,64300.0,64189.66,64220.84,24.39397
2024-04-14 19:34:00,64220.84,64220.84,64161.33,64161.34,10.97364
2024-04-14 19:35:00,64161.34,64172.67,64128.54,64132.84,23.83879
2024-04-14 19:36:00,64132.84,64159.78,64125.23,64152.02,14.85419
2024-04-14 19:37:00,64152.01,64195.88,64150.0,64195.88,24.86542
2024-04-14 19:38:00,64195.88,64249.59,64164.94,64164.95,19.22308
2024-04-14 19:39:00,64164.95,64176.78,64149.44,64150.0,25.37724
2024-04-14 19:40:00,64150.01,64177.0,64137.0,64137.01,19.04124
2024-04-14 19:41:00,64137.0,64164.95,64132.52,64153.6,8.68158
2024-04-14 19:42:00,64153.6,64181.82,64146.4,64152.76,7.21404
2024-04-14 19:43:00,64152.76,64176.98,64141.82,64176.98,6.30983
2024-04-14 19:44:00,64176.97,64272.66,64157.02,64263.42,70.92134
2024-04-14 19:45:00,64263.41,64288.66,64220.83,64220.84,19.91872
2024-04-14 19:46:00,64220.83,64220.84,64159.98,64159.98,19.38807
2024-04-14 19:47:00,64159.98,64171.07,64137.01,64160.81,11.13654
2024-04-14 19:48:00,64160.8,64195.72,64151.01,64195.72,10.89207
2024-04-14 19:49:00,64195.72,64257.74,64195.71,64212.13,12.75605
2024-04-14 19:50:00,64212.13,64224.97,64198.34,64224.97,7.15181
2024-04-14 19:51:00,64224.96,64272.73,64198.34,64269.72,11.75322
2024-04-14 19:52:00,64269.71,64369.3,64262.41,64262.41,29.66087
2024-04-14 19:53:00,64262.42,64272.73,64212.12,64212.13,19.4048
2024-04-14 19:54:00,64212.12,64212.13,64190.58,64198.71,8.17993
2024-04-14 19:55:00,64198.7,64214.93,64185.49,64193.06,22.58384
2024-04-14 19:56:00,64193.07,64206.08,64177.0,64177.7,13.32043
2024-04-14 19:57:00,64177.71,64193.25,64168.62,64189.76,5.4444
2024-04-14 19:58:00,64189.75,64204.22,64178.49,64204.21,5.20277
2024-04-14 19:59:00,64204.22,64219.91,64168.62,64168.62,11.55897
2024-04-14 20:00:00,64168.62,64168.63,64124.01,64162.31,26.25693
2024-04-14 20:01:00,64162.32,64181.82,64128.66,64181.81,20.62905
2024-04-14 20:02:00,64181.82,64276.84,64169.95,64231.34,30.30145
2024-04-14 20:03:00,64231.34,64309.02,64214.79,64297.03,30.25408
2024-04-14 20:04:00,64297.04,64305.03,64251.32,64251.32,16.03657
2024-04-14 20:05:00,64251.32,64350.0,64243.64,64340.0,22.00576
2024-04-14 20:06:00,64340.0,64340.0,64272.73,64288.66,19.87283
2024-04-14 20:07:00,64288.65,64330.08,64257.8,64330.08,29.46972
2024-04-14 20:08:00,64330.07,64330.08,64279.5,64298.84,9.93016
2024-04-14 20:09:00,64298.84,64310.95,64265.43,64265.43,19.36257
2024-04-14 20:10:00,64265.43,64265.44,64029.18,64063.46,56.0616
2024-04-14 20:11:00,64063.46,64063.46,63943.79,64060.61,42.40527
2024-04-14 20:12:00,64060.61,64060.61,63986.92,64025.0,27.52677
2024-04-14 20:13:00,64024.99,64044.72,63959.08,64044.72,32.75188
2024-04-14 20:14:00,64044.72,64044.72,63979.38,64036.73,13.58074
2024-04-14 20:15:00,64036.73,64036.73,63986.33,64001.89,20.16697
2024-04-14 20:16:00,64001.89,64130.0,64001.89,64108.47,17.46255
2024-04-14 20:17:00,64108.47,64108.47,64060.6,64086.37,16.22362
2024-04-14 20:18:00,64086.38,64090.51,64045.12,64090.5,11.46175
2024-04-14 20:19:00,64090.51,64150.71,64090.5,64134.64,32.05978
2024-04-14 20:20:00,64134.64,64157.0,64113.75,64113.76,18.90943
2024-04-14 20:21:00,64113.75,64113.76,64047.53,64085.95,18.39019
2024-04-14 20:22:00,64085.94,64085.95,64007.93,64047.54,26.13686
2024-04-14 20:23:00,64047.54,64057.0,64014.69,64021.59,18.29021
2024-04-14 20:24:00,64020.85,64056.36,64020.85,64049.07,11.12984
2024-04-14 20:25:00,64049.08,64133.43,64046.28,64129.52,16.42422
2024-04-14 20:26:00,64129.52,64133.43,64097.0,64104.87,8.57721
2024-04-14 20:27:00,64104.87,64139.98,64072.16,64132.94,11.04878
2024-04-14 20:28:00,64132.95,64146.39,64117.0,64141.28,10.13974
2024-04-14 20:29:00,64141.29,64141.29,64120.41,64120.42,5.89755
2024-04-14 20:30:00,64120.43,64215.63,64112.1,64183.55,29.18463
2024-04-14 20:31:00,64183.55,64257.0,64164.94,64164.95,23.00089
2024-04-14 20:32:00,64164.94,64176.99,64146.95,64165.2,11.84363
2024-04-14 20:33:00,64165.2,64193.21,64159.42,64191.18,8.70225
2024-04-14 20:34:00,64191.18,64194.04,64134.02,64190.3,9.87334
2024-04-14 20:35:00,64190.29,64194.04,64153.38,64153.38,12.95976
2024-04-14 20:36:00,64153.39,64153.39,64090.9,64116.99,16.00669
2024-04-14 20:37:00,64117.0,64123.4,64060.6,64123.4,14.5517
2024-04-14 20:38:00,64123.4,64223.62,64123.4,64177.01,21.16346
2024-04-14 20:39:00,64177.01,64191.02,64140.24,64141.16,9.72891
2024-04-14 20:40:00,64141.16,64151.09,64130.0,64150.0,7.28486
2024-04-14 20:41:00,64150.0,64157.0,64117.0,64118.7,7.81784
2024-04-14 20:42:00,64118.71,64118.71,64102.14,64110.0,7.87989
2024-04-14 20:43:00,64110.0,64134.03,64109.99,64111.53,10.38849
2024-04-14 20:44:00,64111.52,64130.23,64111.52,64113.55,6.3601
2024-04-14 20:45:00,64113.55,64117.9,64047.47,64047.47,15.03776
2024-04-14 20:46:00,64047.48,64047.48,63894.96,63929.6,69.66443
2024-04-14 20:47:00,63929.61,63929.61,63754.22,63848.49,111.4702
2024-04-14 20:48:00,63848.49,63865.86,63808.46,63819.43,23.80387
2024-04-14 20:49:00,63819.42,63848.49,63752.86,63793.82,32.45133
2024-04-14 20:50:00,63793.82,63850.75,63757.57,63850.1,30.1762
2024-04-14 20:51:00,63850.11,63874.72,63818.18,63818.19,23.54669
2024-04-14 20:52:00,63818.18,63835.37,63727.27,63746.99,30.47793
2024-04-14 20:53:00,63746.98,63810.79,63699.2,63795.86,38.66043
2024-04-14 20:54:00,63795.86,63818.28,63774.99,63818.15,8.87146
2024-04-14 20:55:00,63818.16,63886.6,63818.15,63841.85,32.78602
2024-04-14 20:56:00,63841.85,63866.53,63837.0,63852.3,16.66118
2024-04-14 20:57:00,63852.29,63903.23,63852.29,63887.51,21.3489
2024-04-14 20:58:00,63887.51,63887.51,63844.57,63862.7,9.55798
2024-04-14 20:59:00,63862.7,63862.7,63808.46,63842.36,14.44757
2024-04-14 21:00:00,63842.35,63848.49,63793.81,63793.81,12.34756
2024-04-14 21:01:00,63793.82,63815.2,63762.88,63815.2,26.00116
2024-04-14 21:02:00,63815.2,63824.75,63782.34,63824.75,13.03339
2024-04-14 21:03:00,63824.74,63824.75,63676.26,63726.88,44.67433
2024-04-14 21:04:00,63726.89,63787.88,63722.39,63787.87,33.4708
2024-04-14 21:05:00,63787.87,63787.88,63570.47,63616.91,71.83936
2024-04-14 21:06:00,63616.91,63656.73,63546.39,63647.1,43.46753
2024-04-14 21:07:00,63647.09,63721.25,63600.0,63710.12,31.23156
2024-04-14 21:08:00,63710.12,63727.28,63666.66,63677.02,17.49209
2024-04-14 21:09:00,63677.03,63677.03,63642.56,63666.28,20.40186
2024-04-14 21:10:00,63666.28,63737.17,63646.2,63719.5,15.84253
2024-04-14 21:11:00,63719.51,63733.61,63696.96,63701.41,10.24476
2024-04-14 21:12:00,63701.42,63721.23,63700.0,63719.42,11.86874
2024-04-14 21:13:00,63719.42,63719.43,63679.73,63692.09,13.62357
2024-04-14 21:14:00,63692.1,63707.87,63673.64,63695.61,13.47964
2024-04-14 21:15:00,63695.62,63727.28,63650.0,63727.27,19.13544
2024-04-14 21:16:00,63727.28,63815.15,63727.27,63772.63,21.50068
2024-04-14 21:17:00,63772.63,63804.88,63750.02,63757.01,11.30873
2024-04-14 21:18:00,63757.0,63791.05,63650.01,63651.29,33.75153
2024-04-14 21:19:00,63651.29,63653.37,63569.5,63569.5,47.00283
2024-04-14 21:20:00,63569.51,63569.51,63407.66,63521.99,85.41211
2024-04-14 21:21:00,63521.98,63538.93,63517.0,63524.55,6.58394
2024-04-14 21:22:00,63524.55,63612.4,63496.62,63498.18,38.2018
2024-04-14 21:23:00,63498.19,63512.01,63326.42,63356.99,86.05453
2024-04-14 21:24:00,63357.0,63477.0,63356.99,63474.04,25.22775
2024-04-14 21:25:00,63474.05,63474.28,63365.37,63398.46,19.36785
2024-04-14 21:26:00,63398.45,63476.97,63363.63,63469.14,29.89683
2024-04-14 21:27:00,63469.15,63500.01,63466.91,63477.01,28.06757
2024-04-14 21:28:00,63477.0,63606.07,63477.0,63593.35,35.89525
2024-04-14 21:29:00,63593.36,63630.45,63552.23,63630.44,16.37003
2024-04-14 21:30:00,63630.45,63722.95,63600.0,63600.01,29.03916
2024-04-14 21:31:00,63600.01,63609.1,63577.31,63577.31,9.43155
2024-04-14 21:32:00,63577.32,63608.25,63550.0,63604.07,9.09782
2024-04-14 21:33:00,63604.07,63657.0,63557.65,63656.99,18.66144
2024-04-14 21:34:00,63657.0,63657.01,63608.24,63608.24,5.50897
2024-04-14 21:35:00,63608.24,63608.25,63550.0,63550.0,6.63945
2024-04-14 21:36:00,63550.01,63550.01,63510.72,63510.72,18.35874
2024-04-14 21:37:00,63510.72,63517.08,63500.0,63517.07,7.32918
2024-04-14 21:38:00,63517.08,63575.76,63517.07,63537.57,10.83212
2024-04-14 21:39:00,63537.58,63537.58,63530.48,63530.49,3.2647
2024-04-14 21:40:00,63530.48,63530.49,63479.62,63479.62,8.4178
2024-04-14 21:41:00,63479.63,63479.63,63422.95,63469.67,29.50804
2024-04-14 21:42:00,63469.67,63469.67,63438.43,63438.44,6.72453
2024-04-14 21:43:00,63438.43,63438.44,63438.43,63438.44,8.96932
2024-04-14 21:44:00,63438.43,63460.49,63438.43,63460.49,8.70628
2024-04-14 21:45:00,63460.48,63460.49,63441.78,63441.79,5.36164
2024-04-14 21:46:00,63441.78,63509.51,63438.45,63509.51,10.50689
2024-04-14 21:47:00,63509.51,63528.02,63509.5,63520.56,9.94451
2024-04-14 21:48:00,63520.56,63566.94,63520.56,63566.94,11.98279
2024-04-14 21:49:00,63566.94,63567.6,63556.14,63556.15,6.20035
2024-04-14 21:50:00,63556.14,63562.05,63556.14,63562.05,10.08958
2024-04-14 21:51:00,63562.05,63562.05,63562.04,63562.05,4.78126
2024-04-14 21:52:00,63562.04,63649.21,63562.04,63649.2,13.66804
2024-04-14 21:53:00,63649.21,63741.31,63643.15,63741.31,20.63565
2024-04-14 21:54:00,63741.31,63741.31,63680.0,63680.0,8.85597
2024-04-14 21:55:00,63680.0,63680.01,63650.47,63650.48,7.58573
2024-04-14 21:56:00,63650.48,63650.48,63616.72,63616.73,9.7657
2024-04-14 21:57:00,63616.73,63727.28,63615.77,63727.28,21.45531
2024-04-14 21:58:00,63727.27,63760.01,63727.27,63743.64,20.10801
2024-04-14 21:59:00,63743.64,63780.25,63682.15,63682.15,19.12202
2024-04-14 22:00:00,63682.15,64209.54,63641.79,64063.31,192.32517
2024-04-14 22:01:00,64063.31,64257.08,64051.71,64157.24,77.7546
2024-04-14 22:02:00,64157.25,64295.66,64072.83,64171.02,102.95762
2024-04-14 22:03:00,64171.01,64444.0,64143.91,64443.99,138.73004
2024-04-14 22:04:00,64443.99,64500.0,64349.85,64472.0,102.04687
2024-04-14 22:05:00,64472.01,65036.0,64464.0,65036.0,307.38393
2024-04-14 22:06:00,65035.99,65137.0,64848.04,64930.58,208.09986
2024-04-14 22:07:00,64930.58,65389.2,64917.48,65348.65,196.50473
2024-04-14 22:08:00,65348.65,65399.87,65057.04,65087.43,138.5733
2024-04-14 22:09:00,65087.43,65222.38,65057.0,65200.0,83.36985
2024-04-14 22:10:00,65200.0,65240.4,65026.61,65059.98,113.70696
2024-04-14 22:11:00,65059.98,65069.4,64696.0,64770.12,166.58066
2024-04-14 22:12:00,64770.12,64855.33,64677.0,64815.43,110.048
2024-04-14 22:13:00,64815.43,64875.86,64719.8,64846.65,59.06918
2024-04-14 22:14:00,64846.64,64963.42,64798.45,64933.48,66.11952
2024-04-14 22:15:00,64933.47,65116.03,64845.36,65109.91,57.16448
2024-04-14 22:16:00,65109.91,65132.24,64988.03,65032.01,61.30945
2024-04-14 22:17:00,65032.02,65117.0,64960.01,65116.99,45.77294
2024-04-14 22:18:00,65116.99,65119.67,64888.89,64910.64,49.02076
2024-04-14 22:19:00,64910.64,64983.2,64844.46,64844.46,35.16926
2024-04-14 22:20:00,64844.46,64844.46,64700.0,64757.0,58.73906
2024-04-14 22:21:00,64756.99,64805.68,64728.0,64780.41,47.43518
2024-04-14 22:22:00,64780.4,64938.15,64760.82,64900.79,40.55427
2024-04-14 22:23:00,64900.79,64963.42,64859.41,64903.8,33.6427
2024-04-14 22:24:00,64903.81,65048.0,64903.8,65028.0,35.3623
2024-04-14 22:25:00,65028.0,65297.85,65028.0,65284.01,62.21972
2024-04-14 22:26:00,65284.01,65294.08,65210.03,65294.08,56.91
2024-04-14 22:27:00,65294.08,65368.58,65218.07,65283.58,56.56518
2024-04-14 22:28:00,65283.58,65373.44,65283.58,65328.0,35.27859
2024-04-14 22:29:00,65328.0,65396.83,65306.69,65306.7,41.65599
2024-04-14 22:30:00,65306.69,65388.33,65287.38,65292.63,50.46398
2024-04-14 22:31:00,65292.62,65362.71,65186.29,65186.3,87.6783
2024-04-14 22:32:00,65186.29,65189.33,65060.0,65123.58,65.60483
2024-04-14 22:33:00,65123.59,65183.99,65085.7,65135.27,46.11887
2024-04-14 22:34:00,65135.27,65168.0,65021.58,65128.01,51.30845
2024-04-14 22:35:00,65128.0,65167.56,65079.49,65166.81,40.94127
2024-04-14 22:36:00,65166.81,65349.0,65163.42,65344.99,46.11436
2024-04-14 22:37:00,65344.99,65463.56,65307.64,65452.84,60.37307
2024-04-14 22:38:00,65452.84,65458.47,65388.04,65440.0,73.02549
2024-04-14 22:39:00,65439.99,65440.0,65341.92,65383.45,60.23786
2024-04-14 22:40:00,65383.45,65383.45,65146.73,65146.73,77.62217
2024-04-14 22:41:00,65146.74,65237.0,65118.82,65223.99,43.04346
2024-04-14 22:42:00,65223.99,65243.03,65065.0,65072.0,40.54615
2024-04-14 22:43:00,65072.0,65092.0,65018.16,65052.02,56.69216
2024-04-14 22:44:00,65052.03,65148.94,65052.02,65130.32,62.2338
2024-04-14 22:45:00,65130.32,65196.16,65079.49,65196.16,43.90231
2024-04-14 22:46:00,65196.16,65228.0,65029.24,65076.0,65.75763
2024-04-14 22:47:00,65075.99,65117.0,64952.0,64995.52,62.69343
2024-04-14 22:48:00,64995.52,65077.0,64995.52,65031.97,29.39331
2024-04-14 22:49:00,65031.98,65076.08,64899.11,64966.48,54.07111
2024-04-14 22:50:00,64966.47,65026.1,64960.0,64960.0,35.53957
2024-04-14 22:51:00,64960.01,65037.0,64957.77,65025.74,23.60206
2024-04-14 22:52:00,65025.73,65192.74,65020.0,65192.73,31.41162
2024-04-14 22:53:00,65192.73,65228.0,65158.32,65226.8,18.92146
2024-04-14 22:54:00,65226.79,65298.4,65220.0,65242.94,31.40431
2024-04-14 22:55:00,65242.93,65246.72,65169.32,65233.11,30.42892
2024-04-14 22:56:00,65233.11,65329.27,65233.11,65280.02,43.3232
2024-04-14 22:57:00,65280.01,65329.26,65277.01,65311.33,24.62123
2024-04-14 22:58:00,65311.33,65344.0,65274.66,65342.19,19.54203
2024-04-14 22:59:00,65342.2,65366.81,65291.11,65330.3,36.69583
2024-04-14 23:00:00,65330.29,65337.0,65266.58,65266.58,28.09595
2024-04-14 23:01:00,65266.59,65336.72,65240.59,65328.0,42.10009
2024-04-14 23:02:00,65328.01,65376.15,65290.1,65298.78,33.84785
2024-04-14 23:03:00,65298.79,65348.72,65272.45,65348.72,24.7314
2024-04-14 23:04:00,65348.72,65377.0,65177.3,65192.0,58.24388
2024-04-14 23:05:00,65192.0,65243.35,65186.0,65221.04,35.24305
2024-04-14 23:06:00,65221.04,65237.0,65057.01,65094.8,46.87226
2024-04-14 23:07:00,65094.8,65174.45,65076.0,65174.45,34.1701
2024-04-14 23:08:00,65174.44,65187.56,65146.35,65157.47,18.77057
2024-04-14 23:09:00,65157.48,65292.34,65137.0,65267.98,29.53089
2024-04-14 23:10:00,65267.98,65314.21,65267.98,65304.0,19.54363
2024-04-14 23:11:00,65304.0,65332.83,65260.52,65260.52,15.28074
2024-04-14 23:12:00,65260.53,65352.94,65260.52,65352.93,21.79966
2024-04-14 23:13:00,65352.94,65368.0,65340.0,65344.02,19.72347
2024-04-14 23:14:00,65344.01,65350.45,65308.01,65345.68,22.02048
2024-04-14 23:15:00,65345.68,65346.82,65238.22,65292.81,42.25756
2024-04-14 23:16:00,65292.81,65307.16,65221.23,65233.93,17.49018
2024-04-14 23:17:00,65233.92,65281.23,65220.15,65281.22,21.14825
2024-04-14 23:18:00,65281.23,65463.36,65281.22,65463.35,69.98696
2024-04-14 23:19:00,65463.36,65463.36,65368.01,65432.86,104.34022
2024-04-14 23:20:00,65432.86,65698.87,65424.0,65659.11,116.20711
2024-04-14 23:21:00,65659.11,65840.0,65620.0,65839.99,103.75119
2024-04-14 23:22:00,65839.99,65840.0,65595.9,65595.9,55.41081
2024-04-14 23:23:00,65595.91,65611.99,65508.0,65531.44,46.35177
2024-04-14 23:24:00,65531.44,65563.32,65468.0,65521.92,52.27281
2024-04-14 23:25:00,65521.91,65522.0,65445.27,65465.17,29.07344
2024-04-14 23:26:00,65465.17,65503.57,65404.04,65416.0,33.48589
2024-04-14 23:27:00,65415.99,65587.41,65415.99,65587.41,70.67765
2024-04-14 23:28:00,65587.4,65587.41,65484.0,65537.72,65.08201
2024-04-14 23:29:00,65537.73,65580.0,65528.0,65532.02,25.5392
2024-04-14 23:30:00,65532.01,65579.37,65488.0,65538.41,54.22214
2024-04-14 23:31:00,65538.4,65538.41,65408.0,65408.01,40.98251
2024-04-14 23:32:00,65408.01,65456.0,65405.19,65416.0,32.68265
2024-04-14 23:33:00,65416.01,65462.47,65381.1,65422.57,32.93617
2024-04-14 23:34:00,65422.57,65472.58,65384.92,65464.63,50.73314
2024-04-14 23:35:00,65464.64,65493.83,65438.04,65493.83,16.75536
2024-04-14 23:36:00,65493.83,65496.88,65475.45,65496.05,27.90392
2024-04-14 23:37:00,65496.05,65620.86,65488.15,65620.86,44.99803
2024-04-14 23:38:00,65620.85,65706.53,65608.0,65608.01,61.98762
2024-04-14 23:39:00,65608.0,65653.86,65593.46,65639.03,29.25747
2024-04-14 23:40:00,65639.03,65681.06,65561.13,65576.0,28.86622
2024-04-14 23:41:00,65576.0,65590.01,65535.24,65589.05,37.38424
2024-04-14 23:42:00,65589.05,65634.15,65564.0,65634.15,18.04012
2024-04-14 23:43:00,65634.15,65672.0,65634.14,65658.96,29.85313
2024-04-14 23:44:00,65658.97,65772.69,65658.96,65765.17,34.89062
2024-04-14 23:45:00,65765.17,65765.17,65658.88,65661.67,59.77667
2024-04-14 23:46:00,65661.67,65674.58,65545.07,65560.01,39.14613
2024-04-14 23:47:00,65560.0,65620.0,65540.51,65617.15,50.93816
2024-04-14 23:48:00,65617.16,65675.16,65617.15,65655.97,13.91235
2024-04-14 23:49:00,65655.98,65733.22,65649.28,65696.71,30.91932
2024-04-14 23:50:00,65696.71,65726.05,65631.94,65648.0,27.81201
2024-04-14 23:51:00,65647.99,65675.66,65587.68,65675.66,128.85545
2024-04-14 23:52:00,65675.66,65716.77,65657.27,65687.02,18.32049
2024-04-14 23:53:00,65687.02,65717.62,65680.85,65684.01,23.7583
2024-04-14 23:54:00,65684.01,65684.01,65578.75,65594.1,27.49837
2024-04-14 23:55:00,65594.1,65609.81,65558.0,65582.97,30.0085
2024-04-14 23:56:00,65582.97,65631.99,65582.96,65621.6,24.04439
2024-04-14 23:57:00,65621.61,65638.57,65565.0,65638.56,17.76439
2024-04-14 23:58:00,65638.57,65666.37,65625.57,65663.68,27.58211
2024-04-14 23:59:00,65663.68,65686.68,65661.84,65661.84,19.00291